Theta,Gamma,Current0,Current1,Seq,sp_theta,sp_gamma
-0.056000002,0.927999973,5.231999874,-2.786000013,0,0,1.383102894
-0.02,0.934000015,5.671000004,-5.330999851,0.039433606,0,1.633494377
0.014,0.961000025,7.961999893,-8.902999878,0.078867211,0,1.893163085
0.050000001,1.014000058,9.340999603,-12.42000008,0.118300817,0,2.036633968
0.075999998,1.07099998,10.02400017,-13.79599953,0.157734422,0,1.962682366
0.090999998,1.101999998,7.769999981,-12.97999954,0.197168028,0,1.729244113
0.096000001,1.092000008,6.039999962,-10.69299984,0.236601633,0,1.453259349
0.101000004,1.021000028,2.525000095,-8.230999947,0.276035239,0,1.292680264
0.090000004,0.953999996,1.963999987,-6.664000034,0.315468844,0,1.165534258
0.064999998,0.904999971,1.896999955,-4.927999973,0.35490245,0,1.058217645
0.041000001,0.884000003,0.681999981,-3.005000114,0.394336055,0,0.977033913
0.016000001,0.883000016,0.317999989,-1.25999999,0.433769661,0,0.928999305
-0.017999999,0.888000011,0.930000007,0.398000002,0.473203266,0,0.9198789
-0.041999999,0.911000013,1.269999981,1.154999971,0.512636872,0,0.950744629
-0.052999999,0.921999991,1.730000019,0.875999987,0.552070477,0,1.017649055
-0.059,0.934000015,2.530999899,0.493000001,0.591504083,0,1.114444971
-0.068000004,0.93599999,3.855999947,-0.735000014,0.630937688,0,1.233143926
-0.054000001,0.925999999,5.046999931,-2.790999889,0.670371294,0,1.368330836
-0.02,0.930999994,6.25,-5.296000004,0.709804899,0,1.604523659
0.013,0.961000025,7.431000233,-8.555999756,0.749238505,0,1.869219184
0.050999999,1.013000011,9.140000343,-11.95400047,0.78867211,0,2.030978918
0.079000004,1.067999959,9.258999825,-13.79399967,0.828105716,0,1.980174184
0.096000001,1.095999956,8.795999527,-13.32699966,0.867539321,0,1.757203937
0.101000004,1.090000033,6.15899992,-11.16600037,0.906972927,0,1.481701851
0.107000001,1.024000049,3.157000065,-8.772999763,0.946406532,0,1.306792498
0.100000001,0.962000012,2.329999924,-6.926000118,0.985840138,0,1.177982688
0.075000003,0.904999971,1.896999955,-5.282000065,1.025273743,0,1.068344593
0.046999998,0.875999987,1.605000019,-3.345000029,1.064707349,0,0.983796418
0.018999999,0.882000029,1.312999964,-1.493999958,1.104140954,0,0.932250261
-0.017000001,0.887000024,0.850000024,0.172999993,1.14357456,0,0.918976545
-0.041999999,0.911000013,1.069000006,1.210999966,1.183008165,0,0.945734084
-0.054000001,0.924000025,1.628999949,1.072000027,1.222441771,0,1.00947988
-0.064999998,0.93900001,2.523000002,0.795000017,1.261875376,0,1.103195548
-0.068999998,0.93900001,3.897000074,-0.532000005,1.301308982,0,1.220408916
-0.054000001,0.925000012,4.921999931,-2.614000082,1.340742587,0,1.353671074
-0.018999999,0.934000015,5.454999924,-4.986000061,1.380176193,0,1.576689363
0.014,0.957000017,7.181000233,-8.194000244,1.419609798,0,1.844214082
0.052999999,1.008000016,8.798999786,-11.75300026,1.459043404,0,2.023185968
0.083999999,1.059000015,9.239999771,-13.76799965,1.498477009,0,1.99571681
0.100000001,1.090999961,8.484999657,-13.72999954,1.537910615,0,1.78358531
0.105999999,1.088000059,6.294000149,-11.3380003,1.57734422,0,1.510357499
0.111000001,1.02699995,3.394999981,-9.102999687,1.616777826,0,1.32047081
0.108000003,0.968999982,1.875,-7.214000225,1.656211431,0,1.190633655
0.082000002,0.910000026,1.690000057,-5.427999973,1.695645037,0,1.078327537
0.050999999,0.878000021,2.003000021,-3.572999954,1.735078642,0,0.991191387
0.022,0.883000016,1.121999979,-1.656000018,1.774512248,0,0.935768485
-0.016000001,0.888000011,1.039999962,-0.199000001,1.813945853,0,0.91846925
-0.041999999,0.911000013,1.187000036,1.246999979,1.853379459,0,0.941303849
-0.055,0.924000025,1.631999969,1.187999964,1.892813064,0,1.001294255
-0.066,0.939999998,2.440999985,0.878000021,1.93224667,0,1.092631578
-0.071999997,0.944000006,3.765000105,-0.140000001,1.971680275,0,1.207319379
-0.057999998,0.927999973,5.010000229,-2.329999924,2.011113881,0,1.339129806
-0.024,0.934000015,5.156000137,-4.664000034,2.050547487,0,1.547733307
0.011,0.957000017,6.868000031,-7.958000183,2.089981092,0,1.81829834
0.050999999,1.003999949,8.532999992,-11.61600018,2.129414698,0,2.012700796
0.085000001,1.054999948,9.595000267,-14.02499962,2.168848303,0,2.009150743
0.104999997,1.087000012,8.934000015,-14.13700008,2.208281909,0,1.810473442
0.112999998,1.085000038,5.702000141,-12.43700027,2.247715514,0,1.539178371
0.119000003,1.031999946,3.661999941,-9.940999985,2.28714912,0,1.334849119
0.119999997,0.976000011,1.875,-7.787000179,2.326582725,0,1.203480124
0.094999999,0.912,2.073999882,-6.104000092,2.366016331,0,1.088989973
0.061999999,0.876999974,1.296000004,-3.874000072,2.405449936,0,0.998936057
0.028999999,0.880999982,0.536000013,-1.802999973,2.444883542,0,0.939842284
-0.008,0.88499999,0.917999983,-0.166999996,2.484317147,0,0.918403804
-0.037999999,0.907999992,0.95599997,1.166000009,2.523750753,0,0.937091172
-0.055,0.925000012,1.585000038,1.376000047,2.563184358,0,0.993447661
-0.067000002,0.940999985,2.328999996,1.00999999,2.602617964,0,1.081880569
-0.075000003,0.950999975,3.664000034,0.145999998,2.642051569,0,1.194416285
-0.064000003,0.930999994,4.864999771,-1.944000006,2.681485175,0,1.32528758
-0.032000002,0.92900002,5.157999992,-4.239999771,2.72091878,0,1.518873692
0.009,0.957000017,6.613999844,-7.504000187,2.760352386,0,1.792693138
0.052999999,1.003000021,8.095999718,-11.31000042,2.799785991,0,1.999919891
0.088,1.049000025,9.630999565,-13.92399979,2.839219597,0,2.019927025
0.109999999,1.08099997,8.744999886,-14.77999973,2.878653202,0,1.836631298
0.122000001,1.08099997,6.480999947,-12.52900028,2.918086808,0,1.566952825
0.131999999,1.042999983,3.865999937,-10.20600033,2.957520413,0,1.349354148
0.134000003,0.985000014,1.302000046,-7.981999874,2.996954019,0,1.215990424
0.107000001,0.916999996,1.654000044,-6.34800005,3.036387624,0,1.099913239
0.071000002,0.878000021,0.832000017,-4.420000076,3.07582123,0,1.006692171
0.037999999,0.875999987,0.063000001,-2.217999935,3.115254835,0,0.94432795
0,0.889999986,0.796999991,-0.252000004,3.154688441,0,0.918756962
-0.034000002,0.903999984,0.949999988,1.095999956,3.194122046,0,0.93329376
-0.054000001,0.924000025,1.496999979,1.274000049,3.233555652,0,0.986241698
-0.067000002,0.940999985,2.219000101,1.190000057,3.272989257,0,1.071395993
-0.077,0.953999996,3.53399992,0.432000011,3.312422863,0,1.182211161
-0.07,0.940999985,4.862999916,-1.661999941,3.351856468,0,1.310996652
-0.039999999,0.926999986,5.781000137,-4.132999897,3.391290074,0,1.49130857
0.006,0.958000004,6.393000126,-7.237999916,3.430723679,0,1.765390992
0.054000001,1,7.934000015,-11.07900047,3.470157285,0,1.985622168
0.093999997,1.044999957,8.756999969,-14.04199982,3.50959089,0,2.028819323
0.119999997,1.082000017,8.470000267,-14.78199959,3.549024496,0,1.860927939
0.135000005,1.090000033,6.03000021,-13.15600014,3.588458101,0,1.595940828
0.148000002,1.054999948,2.60800004,-10.76099968,3.627891707,0,1.363979459
0.148000002,0.990999997,1.243000031,-8.562000275,3.667325312,0,1.229199886
0.123000003,0.920000017,1.402999997,-7.136000156,3.706758918,0,1.111089468
0.086999997,0.875999987,1.041000009,-5.111000061,3.746192523,0,1.015098095
0.048999999,0.869000018,-0.016000001,-2.542999983,3.785626129,0,0.949219584
0.008,0.887000024,1.047000051,-0.675999999,3.825059734,0,0.919557333
-0.028999999,0.901000023,0.930999994,0.871999979,3.86449334,0,0.929917276
-0.054000001,0.925999999,1.422000051,1.631000042,3.903926945,0,0.979083538
-0.068999998,0.944999993,2.164999962,1.546000004,3.943360551,0,1.061186075
-0.078000002,0.954999983,3.46600008,0.518000007,3.982794156,0,1.169693947
-0.071999997,0.944999993,4.639999866,-1.343000054,4.022227762,0,1.296842813
-0.043000001,0.925999999,5.729000092,-3.750999928,4.061661368,0,1.462789297
0.008,0.95599997,5.977000237,-6.941999912,4.101094973,0,1.737564921
0.057999998,0.998000026,7.546000004,-10.85700035,4.140528579,0,1.968766928
0.097999997,1.041000009,8.875,-14.01599979,4.179962184,0,2.035226345
0.128000006,1.08099997,7.752999783,-14.97999954,4.21939579,0,1.885245919
0.143999994,1.093000054,6.05700016,-13.52999973,4.258829395,0,1.624925375
0.156000003,1.062999964,3.525000095,-11.20199966,4.298263001,0,1.378127217
0.157000005,0.999000013,1.361999989,-9.031999588,4.337696606,0,1.242584705
0.133000001,0.926999986,0.998000026,-7.396999836,4.377130212,0,1.122049212
0.097000003,0.883000016,0.828000009,-5.138000011,4.416563817,0,1.023828864
0.057999998,0.870999992,-0.057,-2.90899992,4.455997423,0,0.954291642
0.015,0.888000011,-0.013,-0.759000003,4.495431028,0,0.920798361
-0.026000001,0.913999975,0.777999997,0.925999999,4.534864634,0,0.927076221
-0.046999998,0.924000025,1.300999999,1.315999985,4.574298239,0,0.97228843
-0.061999999,0.939999998,2.036000013,1.406000018,4.613731845,0,1.051650405
-0.074000001,0.957000017,3.148000002,0.577000022,4.65316545,0,1.157383919
-0.067000002,0.944000006,4.453000069,-1.351999998,4.692599056,0,1.283389568
-0.039000001,0.921999991,5.252999783,-3.944999933,4.732032661,0,1.434514165
0.012,0.949999988,5.705999851,-6.803999901,4.771466267,0,1.710460782
0.061999999,0.995000005,7.013000011,-10.5880003,4.810899872,0,1.9500736
0.150000006,1.097000003,6.459000111,-13.85099983,4.850333478,0,1.652683973
0.164000005,1.072000027,3.555000067,-11.72900009,4.889767083,0,1.392970204
0.166999996,1.006000042,1.026000023,-9.215000153,4.929200689,0,1.255592704
0.144999996,0.933000028,1.003000021,-7.762000084,4.968634294,0,1.133698106
0.108000003,0.888999999,0.799000025,-5.65199995,5.0080679,0,1.032508254
0.068999998,0.870000005,0.02,-3.084000111,5.047501505,0,0.959959984
0.023,0.887000024,-0.259000003,-1.01699996,5.086935111,0,0.922402263
-0.016000001,0.917999983,0.653999984,0.782000005,5.126368716,0,0.924537778
-0.039000001,0.940999985,0.616999984,1.226999998,5.165802322,0,0.966114283
-0.055,0.962000012,1.06099999,1.473999977,5.205235927,0,1.042003155
-0.059999999,0.973999977,2.015000105,0.500999987,5.244669533,0,1.145288706
-0.054000001,0.963999987,3.391000032,-1.126000047,5.284103138,0,1.269522429
-0.024,0.93900001,5.077000141,-3.851000071,5.323536744,0,1.407555223
0.017999999,0.947000027,5.083000183,-6.46600008,5.362970349,0,1.681916833
0.068000004,0.978999972,6.669000149,-10.61699963,5.402403955,0,1.929712892
0.109999999,1.029000044,8.157999992,-13.94799995,5.44183756,0,2.040300608
0.142000005,1.074000001,8.105999947,-15.36299992,5.481271166,0,1.930219769
0.158999994,1.095000029,6.197000027,-14.43700027,5.520704771,0,1.681457758
0.166999996,1.085000038,3.316999912,-11.79100037,5.560138377,0,1.407914996
0.167999998,1.018000007,1.003000021,-9.519000053,5.599571982,0,1.269301653
0.150000006,0.934000015,0.536000013,-8.218999863,5.639005588,0,1.145576358
0.111000001,0.882000029,0.765999973,-5.923999786,5.678439193,0,1.041851163
0.071999997,0.86500001,-0.086999997,-3.480999947,5.717872799,0,0.966014385
0.028999999,0.885999978,0.324999988,-1.220999956,5.757306404,0,0.924500644
-0.009,0.920000017,0.890999973,0.632000029,5.79674001,0,0.922432482
-0.035,0.94599998,0.531000018,1.388000011,5.836173615,0,0.960053921
-0.052000001,0.966000021,0.85799998,1.488000035,5.875607221,0,1.032655478
-0.057999998,0.975000024,2.719000101,0.674000025,5.915040826,0,1.133886218
-0.052000001,0.964999974,3.153000116,-1.101999998,5.954474432,0,1.255810857
-0.023,0.936999977,4.34499979,-3.536000013,5.993908037,0,1.393208504
0.017999999,0.947000027,5.008999825,-6.349999905,6.033341643,0,1.653145909
0.066,0.972000003,6.960999966,-10.42099953,6.072775248,0,1.908757925
0.109999999,1.023000002,8.307999611,-13.76500034,6.112208854,0,2.039007425
0.141000003,1.069000006,8.597000122,-15.48999977,6.15164246,0,1.949760318
0.158000007,1.093999982,6.485000134,-14.4630003,6.191076065,0,1.710006118
0.164000005,1.088000059,3.673000097,-11.93599987,6.230509671,0,1.434063911
0.166999996,1.031000018,0.796000004,-9.501000404,6.269943276,0,1.283166409
0.153999999,0.948000014,1.389000058,-8.237999916,6.309376882,0,1.157188654
0.118000001,0.887000024,0.583999991,-6.388000011,6.348810487,0,1.051493764
0.077,0.859000027,0.159999996,-3.75999999,6.388244093,0,0.972182691
0.035,0.876999974,-0.180000007,-1.430999994,6.427677698,0,0.927032292
-0.005,0.913999975,0.474000007,0.39199999,6.467111304,0,0.920821786
-0.035,0.944000006,0.556999981,1.386999965,6.506544909,0,0.95437938
-0.052000001,0.963,0.592000008,1.585000038,6.545978515,0,1.023971319
-0.057999998,0.973999977,1.661999941,0.829999983,6.58541212,0,1.122233629
-0.052999999,0.964999974,3.671000004,-0.847000003,6.624845726,0,1.242800355
-0.024,0.938000023,3.891000032,-3.640000105,6.664279331,0,1.378363848
0.016000001,0.944999993,4.787000179,-6.221000195,6.703712937,0,1.625388861
0.061999999,0.961000025,5.856999874,-10.03600025,6.743146542,0,1.885626078
0.104999997,1.011000037,7.897999763,-13.59000015,6.782580148,0,2.035308123
0.137999997,1.057000041,8.623000145,-15.49800015,6.822013753,0,1.968481779
0.158000007,1.090999961,6.573999882,-14.83100033,6.861447359,0,1.738237858
0.164000005,1.088000059,4.138999939,-12.36100006,6.900880964,0,1.462334752
0.167999998,1.036999941,1.717000008,-9.642999649,6.94031457,0,1.297180653
0.157000005,0.958000004,1.633999944,-8.303999901,6.979748175,0,1.169495106
0.123999998,0.894999981,1.33099997,-6.518000126,7.019181781,0,1.061427593
0.081,0.862999976,0.319000006,-4.045000076,7.058615386,0,0.97897172
0.039000001,0.876999974,-0.289000005,-1.590000033,7.098048992,0,0.929993391
-0.001,0.910000026,-0.165999994,0.170000002,7.137482597,0,0.919573724
-0.034000002,0.941999972,0.270000011,1.330000043,7.176916203,0,0.949097633
-0.050000001,0.962000012,0.676999986,1.463000059,7.216349808,0,1.015235186
-0.057,0.975000024,1.845999956,0.986000001,7.255783414,0,1.110818505
-0.052999999,0.966000021,3.328999996,-0.734000027,7.295217019,0,1.229412794
-0.025,0.936999977,4.356999874,-3.565000057,7.334650625,0,1.363627195
0.104000002,1.006000042,7.43599987,-13.50399971,7.37408423,0,2.028941631
0.140000001,1.050999999,8.800000191,-15.69400024,7.413517836,0,1.985367775
0.158999994,1.087000012,6.614999771,-15.38899994,7.452951441,0,1.764949679
0.165999994,1.083999991,4.471000195,-13.06200027,7.492385047,0,1.490850568
0.170000002,1.039999962,1.468999982,-10.17399979,7.531818652,0,1.310769081
0.159999996,0.964999974,1.177999973,-8.402999878,7.571252258,0,1.18200922
0.128999993,0.898999989,-0.136999995,-6.752999783,7.610685863,0,1.071230292
0.085000001,0.86500001,0.547999978,-4.274000168,7.650119469,0,0.986124337
0.044,0.874000013,-0.136000007,-2.036999941,7.689553074,0,0.93323648
0.002,0.906000018,0.151999995,-0.009,7.72898668,0,0.918766201
-0.032000002,0.939999998,0.155000001,1.286999941,7.768420285,0,0.944403172
-0.046,0.958000004,0.583000004,1.651000023,7.807853891,0,1.006824255
-0.054000001,0.975000024,2.417000055,0.912,7.847287496,0,1.100090265
-0.050999999,0.964999974,2.663000107,-0.601999998,7.886721102,0,1.216200352
-0.026000001,0.936999977,3.923000097,-3.357000113,7.926154707,0,1.349587321
0.015,0.943000019,4.342000008,-5.797999859,7.965588313,0,1.56741643
0.059999999,0.958000004,6.072999954,-9.114999771,8.005021918,0,1.837043166
0.104000002,1.003000021,7.519999981,-13.00500011,8.044455524,0,2.020088434
0.141000003,1.049000025,8.015999794,-15.48200035,8.083889129,0,1.999697566
0.163000003,1.088000059,6.951000214,-15.28899956,8.123322735,0,1.792260885
0.172999993,1.090999961,4.269999981,-13.39500046,8.162756341,0,1.518412948
0.177000001,1.049999952,1.940000057,-10.49800015,8.202189946,0,1.325057626
0.166999996,0.970000029,0.89200002,-8.883000374,8.241623552,0,1.194211364
0.134000003,0.898999989,1.157999992,-6.894999981,8.281057157,0,1.081710577
0.092,0.860000014,0.291000009,-4.864999771,8.320490763,0,0.993325055
0.054000001,0.871999979,-0.270000011,-2.473999977,8.359924368,0,0.937026918
0.01,0.902999997,0.310000002,-0.192000002,8.399357974,0,0.918400168
-0.026000001,0.939999998,-0.082000002,1.220999956,8.438791579,0,0.939910829
-0.041999999,0.957000017,0.476000011,1.389000058,8.478225185,0,0.998746097
-0.052999999,0.973999977,1.616000056,1.029999971,8.51765879,0,1.089162588
-0.050999999,0.967999995,2.342999935,-0.469999999,8.557092396,0,1.203169703
-0.027000001,0.939999998,3.279000044,-3.147000074,8.596526001,0,1.335080385
0.014,0.940999985,4.823999882,-5.553999901,8.635959607,0,1.538485169
0.059,0.953999996,5.880000114,-9.029999733,8.675393212,0,1.810897946
0.104000002,0.998000026,6.698999882,-13.01299953,8.714826818,0,2.008854151
0.142000005,1.04400003,8.194999695,-15.43799973,8.754260423,0,2.012513876
0.165999994,1.087000012,7.169000149,-15.62300015,8.793694029,0,1.818929672
0.174999997,1.092000008,4.681000233,-13.67099953,8.833127634,0,1.547270656
0.180999994,1.057000041,2.227999926,-11.09700012,8.87256124,0,1.339477301
0.173999995,0.984000027,0.843999982,-9.050000191,8.911994845,0,1.207111239
0.140000001,0.907999992,0.996999979,-7.295000076,8.951428451,0,1.092457414
0.094999999,0.86500001,0.524999976,-5.104000092,8.990862056,0,1.001166105
0.059,0.874000013,-0.280999988,-2.305999994,9.030295662,0,0.941233337
0.014,0.904999971,0.199000001,-0.430000007,9.069729267,0,0.918464601
-0.022,0.93599999,-0.002,1.167999983,9.109162873,0,0.935830414
-0.044,0.957000017,0.279000014,1.445000052,9.148596478,0,0.991312623
-0.052999999,0.973999977,1.302999973,1.177999973,9.188030084,0,1.078495979
-0.052999999,0.967999995,2.815000057,-0.270000011,9.227463689,0,1.190837741
-0.028999999,0.941999972,4.065999985,-2.993000031,9.266897295,0,1.320699811
0.011,0.938000023,4.43599987,-5.335999966,9.3063309,0,1.510817528
0.057999998,0.949999988,5.815000057,-8.593999863,9.345764506,0,1.784020662
0.103,0.992999971,6.380000114,-12.85200024,9.385198111,0,1.995948792
0.142000005,1.036999941,7.590000153,-15.41499996,9.424631717,0,2.023036957
0.165999994,1.082000017,7.333000183,-15.73799992,9.464065322,0,1.843806148
0.175999999,1.088000059,5.087999821,-13.67800045,9.503498928,0,1.576225638
0.180999994,1.06099999,1.906999946,-11.26000023,9.542932533,0,1.353437424
0.175999999,0.989000022,0.796999991,-9.149999619,9.582366139,0,1.220198035
0.143000007,0.912,0.880999982,-7.46600008,9.621799744,0,1.103017449
0.100000001,0.869000018,0.745999992,-5.495999813,9.66123335,0,1.009346247
0.063000001,0.876999974,-0.356999993,-2.605999947,9.700666955,0,0.945657015
0.024,0.915000021,-0.726999998,-0.504999995,9.740100561,0,0.918965101
-0.013,0.949999988,0.449999988,1.042000055,9.779534166,0,0.932305753
-0.033,0.970000029,0.617999971,1.567000031,9.818967772,0,0.983912051
-0.045000002,0.989000022,1.187999964,1.105999947,9.858401377,0,1.068509102
-0.043000001,0.984000027,2.621000052,-0.068000004,9.897834983,0,1.178183436
-0.022,0.959999979,3.154000044,-2.443000078,9.937268588,0,1.307019353
0.012,0.940999985,4.281000137,-5.068999767,9.976702194,0,1.482158661
0.057,0.944999993,5.56099987,-8.015999794,10.0161358,0,1.757647634
0.101999998,0.984000027,6.761000156,-12.17500019,10.0555694,0,1.980438709
0.142000005,1.031999946,7.445000172,-15.25899982,10.09500301,0,2.031144381
0.166999996,1.078999996,7.425000191,-16.06699944,10.13443662,0,1.868826985
0.178000003,1.085999966,5.381000042,-14.18900013,10.17387022,0,1.605219483
0.182999998,1.065000057,2.470000029,-11.57699966,10.21330383,0,1.368095398
0.178000003,0.998000026,0.414999992,-9.454000473,10.25273743,0,1.23346436
0.150000006,0.921000004,0.499000013,-7.678999901,10.29217104,0,1.114263058
0.108000003,0.874000013,0.823000014,-5.611999989,10.33160464,0,1.017857075
0.067000002,0.875,-0.199000001,-3.01699996,10.37103825,0,0.950661302
0.028999999,0.912,-0.370999992,-0.75,10.41047185,0,0.919906676
-0.007,0.94599998,-0.736000001,0.933000028,10.44990546,0,0.929048061
-0.028999999,0.967000008,0.54400003,1.317000031,10.48933907,0,0.976869226
-0.044,0.986999989,1.317000031,1.238000035,10.52877267,0,1.058377504
-0.043000001,0.985000014,1.723999977,0.082999997,10.56820628,0,1.165731788
-0.025,0.964999974,3.503000021,-2.355000019,10.60763988,0,1.292904973
0.009,0.941999972,3.796999931,-4.894000053,10.64707349,0,1.453712583
0.052999999,0.944000006,5.020999908,-8.097999573,10.68650709,0,1.729694843
0.097999997,0.980000019,6.104000092,-11.96800041,10.7259407,0,1.962976813
0.136999995,1.02699995,7.662000179,-15.07199955,10.7653743,0,2.036563396
0.165999994,1.075999975,7.736999989,-16.10300064,10.80480791,0,1.892789125
0.178000003,1.088000059,5.422999859,-14.59799957,10.84424152,0,1.633031368
0.184,1.070000052,2.505000114,-11.78800011,10.88367512,0,1.382865429
0.180000007,1.008999944,0.317000002,-9.637000084,10.92310873,0,1.246362925
0.152999997,0.930999994,0.866999984,-7.848999977,10.96254233,0,1.125751376
0.112999998,0.887000024,0.660000026,-5.765999794,11.00197594,0,1.02633059
0.074000001,0.878000021,-0.460000008,-3.239000082,11.04140954,0,0.956063032
0.033,0.908999979,-0.268000007,-0.949999988,11.08084315,0,0.921224594
-0.004,0.941999972,-0.465000004,0.796999991,11.12027675,0,0.926217079
-0.027000001,0.964999974,0.405000001,1.424999952,11.15971036,0,0.97045213
-0.041999999,0.986999989,1.404000044,1.333999991,11.19914396,0,1.048531294
-0.043000001,0.986999989,1.605999947,0.150999993,11.23857757,0,1.153975368
-0.028000001,0.970000029,3.713000059,-2.075999975,11.27801118,0,1.278935432
0.004,0.944000006,3.693000078,-4.540999889,11.31744478,0,1.426647067
0.046999998,0.944000006,4.491000175,-7.44299984,11.35687839,0,1.701356649
0.092,0.978999972,6.102000237,-11.60999966,11.39631199,0,1.94453311
0.133000001,1.027999997,7.638000011,-14.68700027,11.4357456,0,2.039678335
0.163000003,1.075999975,7.475999832,-15.85400009,11.4751792,0,1.914649248
0.175999999,1.092000008,5.663000107,-14.85000038,11.51461281,0,1.661911011
0.182999998,1.077000022,2.779999971,-12.14000034,11.55404641,0,1.397144794
0.180999994,1.01699996,1.070000052,-9.593000412,11.59348002,0,1.25996232
0.156000003,0.93599999,0.75,-7.96600008,11.63291363,0,1.137001157
0.115999997,0.893999994,0.841000021,-5.711999893,11.67234723,0,1.035464764
0.074000001,0.878000021,0.108999997,-3.22300005,11.71178084,0,0.961855769
0.034000002,0.910000026,0.275999993,-0.989000022,11.75121444,0,0.923026562
-0.002,0.940999985,-0.148000002,0.680999994,11.79064805,0,0.92381686
-0.025,0.963999987,-0.270999998,1.440000057,11.83008165,0,0.964133561
-0.035999998,0.98299998,0.722000003,1.230999947,11.86951526,0,1.038978815
-0.041999999,0.989000022,2.088000059,0.342000008,11.90894886,0,1.141941547
-0.027000001,0.972000003,2.74000001,-1.848999977,11.94838247,0,1.265117526
0.003,0.943000019,3.572000027,-4.518000126,11.98781607,0,1.40336144
0.046,0.939999998,4.024000168,-6.972000122,12.02724968,0,1.672730684
0.090999998,0.97299999,6.013999939,-11.24699974,12.06668329,0,1.923736691
0.131999999,1.01699996,7.722000122,-14.54100037,12.10611689,0,2.040172577
0.163000003,1.065999985,7.750999928,-15.91899967,12.1455505,0,1.936068535
0.179000005,1.088999987,6.329999924,-14.9119997,12.1849841,0,1.690622091
0.185000002,1.077999949,2.907000065,-12.44699955,12.22441771,0,1.415002227
0.182999998,1.023000002,-0.055,-9.732000351,12.26385131,0,1.273721814
0.162,0.940999985,0.199000001,-8.354000092,12.30328492,0,1.148942471
0.123000003,0.893999994,-0.122000001,-6.020999908,12.34271852,0,1.04490459
0.079000004,0.875,0.273999989,-3.967000008,12.38215213,0,0.96777761
0.039000001,0.902999997,-0.648999989,-1.279000044,12.42158574,0,0.925263703
0.002,0.93900001,-0.101000004,0.550999999,12.46101934,0,0.921921134
-0.02,0.961000025,0.246999994,1.100000024,12.50045295,0,0.958195686
-0.030999999,0.978999972,0.356000006,1.136000037,12.53988655,0,1.030092955
-0.039999999,0.991999984,1.254999995,0.363999993,12.57932016,0,1.130132198
-0.028000001,0.97299999,3.444000006,-1.753000021,12.61875376,0,1.252000451
0.089000002,0.972000003,5.769000053,-10.75599957,12.65818737,0,1.901492834
0.128999993,1.014999986,7.449999809,-14.26799965,12.69762097,0,2.038175821
0.160999998,1.06400001,7.035999775,-16.11700058,12.73705458,0,1.955940485
0.179000005,1.088999987,6.618999958,-15.14900017,12.77648819,0,1.717947125
0.185000002,1.08099997,3.073999882,-12.71399975,12.81592179,0,1.44308126
0.184,1.029999971,0.349999994,-10.01900005,12.8553554,0,1.287075639
0.165999994,0.944999993,0.416000009,-8.529999733,12.894789,0,1.161103725
0.127000004,0.894999981,0.93900001,-6.282000065,12.93422261,0,1.054246187
0.083999999,0.875999987,0.028000001,-4.027999878,12.97365621,0,0.974315166
0.046,0.898000002,-0.056000002,-1.59800005,13.01308982,0,0.927818239
0.008,0.933000028,-0.310000002,0.206,13.05252342,0,0.920374572
-0.016000001,0.961000025,-0.158000007,0.976000011,13.09195703,0,0.952860594
-0.027000001,0.975000024,0.862999976,0.908999979,13.13139063,0,1.021141052
-0.037,0.991999984,1.409000039,0.497000009,13.17082424,0,1.119013309
-0.028999999,0.973999977,2.234999895,-1.577999949,13.21025785,0,1.238497615
0,0.943000019,4.214000225,-4.076000214,13.24969145,0,1.373636127
0.039000001,0.939999998,4.380000114,-6.623000145,13.28912506,0,1.61611855
0.085000001,0.971000016,5.315000057,-10.47700024,13.32855866,0,1.877969384
0.126000002,1.014000058,7.217000008,-14.17800045,13.36799227,0,2.033546925
0.158000007,1.06099999,7.735000134,-15.6960001,13.40742587,0,1.97409296
0.177000001,1.090000033,6.480000019,-15.60400009,13.44685948,0,1.74607265
0.182999998,1.083999991,3.50999999,-12.87899971,13.48629308,0,1.471435547
0.185000002,1.037999988,1.574000001,-10.34300041,13.52572669,0,1.301130533
0.169,0.949999988,1.029000044,-8.937000275,13.5651603,0,1.17347753
0.131999999,0.896000028,-0.476000011,-6.572000027,13.6045939,0,1.064260125
0.089000002,0.875999987,0.041999999,-4.105000019,13.64402751,0,0.981221437
0.052999999,0.89200002,0.142000005,-1.789000034,13.68346111,0,0.930899024
0.015,0.92900002,-0.748000026,-0.028000001,13.72289472,0,0.919267476
-0.015,0.958999991,-0.196999997,1.059999943,13.76232832,0,0.947690129
-0.024,0.972000003,0.141000003,0.995000005,13.80176193,0,1.012508154
-0.034000002,0.989000022,1.491999984,0.595000029,13.84119553,0,1.107665658
-0.029999999,0.973999977,2.296999931,-1.330000043,13.88062914,0,1.225165486
-0.002,0.944000006,3.127000093,-3.836999893,13.92006274,0,1.359521031
0.035,0.941999972,4.208000183,-6.548999786,13.95949635,0,1.587126017
0.081,0.968999982,5.600999832,-9.890000343,13.99892996,0,1.854333639
0.123000003,1.011999965,6.737999916,-13.43900013,14.03836356,0,2.026374578
0.156000003,1.057999969,7.353000164,-15.77900028,14.07779717,0,1.989744067
0.177000001,1.090999961,6.964000225,-15.73200035,14.11723077,0,1.773751616
0.184,1.085000038,3.779999971,-13.49300003,14.15666438,0,1.498872519
0.185000002,1.044999957,1.055999994,-10.70899963,14.19609798,0,1.315326691
0.171000004,0.958000004,1.054999948,-8.88599968,14.23553159,0,1.185549378
0.135000005,0.898000002,0.449999988,-6.860000134,14.27496519,0,1.074554443
0.093999997,0.880999982,0.185000002,-4.468999863,14.3143988,0,0.988190949
0.057999998,0.890999973,-0.037999999,-2.230000019,14.35383241,0,0.934403837
0.018999999,0.926999986,-0.697000027,-0.101000004,14.39326601,0,0.918619096
-0.012,0.958999991,-0.372000009,0.80400002,14.43269962,0,0.942921162
-0.02,0.967999995,-0.025,1,14.47213322,0,1.004528284
-0.030999999,0.985000014,0.967000008,0.740999997,14.51156683,0,1.096565485
-0.030999999,0.976999998,2.661000013,-1.177000046,14.55100043,0,1.212533116
-0.004,0.94599998,2.996000052,-3.542000055,14.59043404,0,1.344931841
0.032000002,0.941999972,4.210999966,-6.369999886,14.62986764,0,1.559307456
0.079000004,0.963999987,4.684000015,-9.730999947,14.66930125,0,1.828764558
0.122000001,1.008999944,7.625,-13.2329998,14.70873486,0,2.017177582
0.155000001,1.05400002,8.048999786,-15.85400009,14.74816846,0,2.004039764
0.179000005,1.090000033,6.670000076,-15.89000034,14.78760207,0,1.799798369
0.186000004,1.085000038,4.039999962,-13.6619997,14.82703567,0,1.527633548
0.187999994,1.050999999,1.457999945,-11.02299976,14.86646928,0,1.32908237
0.177000001,0.970000029,1.008999944,-9.145999908,14.90590288,0,1.198318601
0.141000003,0.902999997,0.167999998,-7.188000202,14.94533649,0,1.085121036
0.103,0.888000011,-0.214000002,-4.907999992,14.98477009,0,0.99579668
0.064999998,0.888999999,-0.476999998,-2.421999931,15.0242037,0,0.938327968
0.025,0.922999978,-0.735000014,0.006,15.0636373,0,0.918376863
-0.01,0.95599997,-0.657999992,0.873000026,15.10307091,0,0.938560069
-0.017999999,0.966000021,-0.203999996,0.871999979,15.14250452,0,0.996545196
-0.028999999,0.981999993,1.003000021,0.644999981,15.18193812,0,1.085720539
-0.032000002,0.981000006,2.217000008,-0.925999999,15.22137173,0,1.199554801
-0.007,0.949000001,2.983999968,-3.391000032,15.26080533,0,1.330464482
0.028999999,0.940999985,4.022999763,-5.915999889,15.30023894,0,1.530402422
0.075999998,0.961000025,4.390999794,-9.343000412,15.33967254,0,1.802370548
0.119999997,1.006000042,7.166999817,-12.93500042,15.37910615,0,2.005298853
0.153999999,1.052000046,7.947999954,-15.48400021,15.41853975,0,2.016137123
0.179000005,1.090000033,6.869999886,-16.25300026,15.45797336,0,1.826264262
0.185000002,1.085999966,4.427000046,-13.97900009,15.49740697,0,1.55652833
0.189999998,1.059000015,1.735000014,-11.23099995,15.53684057,0,1.343537331
0.181999996,0.984000027,0.746999979,-9.31099987,15.57627418,0,1.211279154
0.147,0.912999988,0.469999999,-7.540999889,15.61570778,0,1.095513225
0.107000001,0.890999973,0.174999997,-4.93599987,15.65514139,0,1.003747225
0.068000004,0.889999986,-0.282000005,-2.657999992,15.69457499,0,0.942484677
0.028000001,0.921000004,-0.846000016,-0.563000023,15.7340086,0,0.918576658
-0.008,0.954999983,-0.50999999,1.101999998,15.7734422,0,0.934762418
-0.017999999,0.964999974,-0.115999997,1.077999949,15.81287581,0,0.988906026
-0.028000001,0.981000006,0.751999974,0.653999984,15.85230941,0,1.075557232
-0.034000002,0.985000014,2.480000019,-0.606000006,15.89174302,0,1.186766863
-0.011,0.954999983,2.948999882,-3.217000008,15.93117663,0,1.316696882
0.024,0.941999972,3.834000111,-5.679999828,15.97061023,0,1.501626372
0.071000002,0.953000009,5.106999874,-9.008000374,16.01004384,0,1.776381254
0.118000001,1.001000047,6.073999882,-12.71000004,16.04947744,0,1.991207957
0.153999999,1.047000051,7.782000065,-15.54300022,16.08891105,0,2.025555134
0.179000005,1.088000059,6.951000214,-16.14299965,16.12834465,0,1.851918578
0.187000006,1.085000038,4.697999954,-14.41300011,16.16777826,0,1.58434248
0.193000004,1.062999964,1.917000055,-11.63799953,16.20721186,0,1.358115315
0.185000002,0.991999984,0.504999995,-9.616999626,16.24664547,0,1.223894715
0.153999999,0.921999991,0.232999995,-7.538000107,16.28607908,0,1.106589198
0.112000003,0.896000028,-0.368000001,-5.34100008,16.32551268,0,1.011696219
0.072999999,0.894999981,-0.250999987,-2.983999968,16.36494629,0,0.947214782
0.033,0.917999983,-0.653999984,-0.888999999,16.40437989,0,0.919184327
-0.006,0.952000022,0.202999994,0.971000016,16.4438135,0,0.931217134
-0.018999999,0.963999987,-0.208000004,0.935000002,16.4832471,0,0.981903672
-0.028000001,0.980000019,0.824999988,0.691999972,16.52268071,0,1.065236449
-0.035999998,0.989000022,2.427999973,-0.289999992,16.56211431,0,1.174176574
-0.015,0.959999979,2.917999983,-2.849999905,16.60154792,0,1.302487493
0.02,0.939999998,4.073999882,-5.423999786,16.64098153,0,1.473030567
0.067000002,0.948000014,5.163000107,-8.465000153,16.68041513,0,1.748750925
0.114,0.995999992,5.698999882,-12.79599953,16.71984874,0,1.975055218
0.152999997,1.042000055,7.423999786,-15.6260004,16.75928234,0,2.032967567
0.179000005,1.085000038,7.284999847,-16.26199913,16.79871595,0,1.876617551
0.187000006,1.085999966,4.875999928,-14.50599957,16.83814955,0,1.613336205
0.193000004,1.065999985,2.240999937,-11.8039999,16.87758316,0,1.372809768
0.187999994,1.003000021,0.731000006,-9.678999901,16.91701676,0,1.237210155
0.155000001,0.930000007,-0.003,-7.678999901,16.95645037,0,1.117913365
0.116999999,0.902999997,-0.684000015,-5.399000168,16.99588397,0,1.020298123
0.078000002,0.90200001,-0.449000001,-3.309000015,17.03531758,0,0.952346921
0.037,0.916999996,-0.944000006,-0.981999993,17.07475119,0,0.920249283
-0.003,0.949999988,-0.463999987,0.98299998,17.11418479,0,0.928095341
-0.016000001,0.963,-0.275000006,0.862999976,17.1536184,0,0.974962294
-0.025,0.976999998,0.876999974,0.670000017,17.193052,0,1.055195332
-0.033,0.990999997,1.942999959,-0.184,17.23248561,0,1.162282467
-0.016000001,0.964999974,2.752000093,-2.486000061,17.27191921,0,1.288418651
0.016000001,0.938000023,3.97300005,-5.118999958,17.31135282,0,1.445792198
0.064000003,0.944999993,5.05700016,-7.880000114,17.35078642,0,1.720663667
0.112000003,0.992999971,5.56099987,-11.88700008,17.39022003,0,1.957760453
0.150000006,1.041000009,6.68900013,-15.07800007,17.42965364,0,2.037843466
0.174999997,1.082000017,7.039000034,-16.1989994,17.46908724,0,1.899287462
0.185000002,1.087000012,5.491000175,-14.65799999,17.50852085,0,1.642286301
0.191,1.070000052,2.631999969,-12.15299988,17.54795445,0,1.387020469
0.188999996,1.008999944,-0.116999999,-9.81400013,17.58738806,0,1.250696898
0.158999994,0.93599999,-0.363999993,-7.815000057,17.62682166,0,1.129010439
0.120999999,0.902999997,0.289999992,-5.531000137,17.66625527,0,1.029219747
0.082000002,0.90200001,-0.79400003,-3.325000048,17.70568887,0,0.957646012
0.041000001,0.912999988,-0.231999993,-1.078999996,17.74512248,0,0.921753585
0,0.944999993,-0.629000008,0.680999994,17.78455608,0,0.925501347
-0.016000001,0.962000012,-0.298000008,1.06099999,17.82398969,0,0.968389153
-0.023,0.975000024,0.221000001,0.654999971,17.8634233,0,1.045826674
-0.029999999,0.990999997,1.493999958,0.006,17.9028569,0,1.150100589
-0.017000001,0.967000008,2.938999891,-2.301000118,17.94229051,0,1.275050998
0.013,0.936999977,3.506999969,-5.098999977,17.98172411,0,1.417684793
0.059,0.939999998,4.415999889,-7.736999989,18.02115772,0,1.693366528
0.108000003,0.99000001,6.327000141,-11.44299984,18.06059132,0,1.938046217
0.145999998,1.039000034,6.721000195,-14.99699974,18.10002493,0,2.040081739
0.172000006,1.08099997,7.123000145,-16.30200005,18.13945853,0,1.921661377
0.184,1.090000033,5.901000023,-15.03800011,18.17889214,0,1.671121001
0.189999998,1.075000048,2.950000048,-12.53100014,18.21832575,0,1.401925206
0.188999996,1.016000032,-0.123000003,-9.923999786,18.25775935,0,1.264348149
0.162,0.940999985,0.02,-8.31799984,18.29719296,0,1.140797973
0.123000003,0.902999997,0.442000002,-5.734000206,18.33662656,0,1.038452744
0.082999997,0.90200001,-0.538999975,-3.631000042,18.37606017,0,0.963546693
0.043000001,0.911000013,-0.192000002,-1.228999972,18.41549377,0,0.923695266
0.004,0.940999985,-0.319999993,0.611999989,18.45492738,0,0.923222482
-0.015,0.959999979,0.008,0.776000023,18.49436098,0,0.962191641
-0.017999999,0.967999995,0.711000025,0.637000024,18.53379459,0,1.036358118
-0.026000001,0.987999976,1.149000049,0.079999998,18.5732282,0,1.138137817
-0.017000001,0.967000008,2.464999914,-2.071000099,18.6126618,0,1.261276364
0.011,0.936999977,4.249000072,-4.768000126,18.65209541,0,1.398577809
0.054000001,0.938000023,4.205999851,-7.316999912,18.69152901,0,1.664675951
0.101000004,0.984000027,5.493000031,-11.02400017,18.73096262,0,1.916768074
0.141000003,1.031000018,7.109000206,-14.47999954,18.77039622,0,2.039839745
0.167999998,1.077000022,7.524000168,-16.11300087,18.80982983,0,1.942604184
0.181999996,1.090000033,6.347000122,-15.12300015,18.84926343,0,1.698619485
0.187999994,1.078999996,3.051000118,-12.57299995,18.88869704,0,1.423954964
0.187000006,1.021999955,1.011000037,-10.02600002,18.92813064,0,1.277602315
0.165999994,0.944000006,0.291000009,-8.31400013,18.96756425,0,1.152810454
0.128000006,0.903999984,-0.542999983,-5.96600008,19.00699786,0,1.047601223
0.089000002,0.903999984,-0.245000005,-3.503999949,19.04643146,0,0.969829023
0.048999999,0.912999988,-0.223000005,-1.613000035,19.08586507,0,0.925967813
0.012,0.93599999,-0.465000004,0.246999994,19.12529867,0,0.921378553
-0.012,0.961000025,-0.495000005,0.703000009,19.16473228,0,0.956602454
-0.014,0.963,0.082000002,0.340000004,19.20416588,0,1.027194142
-0.023,0.981000006,1.177999973,0.137999997,19.24359949,0,1.126866698
-0.017000001,0.967000008,1.868999958,-1.847000003,19.28303309,0,1.247661352
0.009,0.938000023,4.118000031,-4.418000221,19.3224667,0,1.384289145
0.050000001,0.936999977,3.812999964,-7.339000225,19.36190031,0,1.635808945
0.094999999,0.980000019,5.171999931,-10.44200039,19.40133391,0,1.895027995
0.133000001,1.02699995,7.157999992,-14.31200027,19.44076752,0,2.036975384
0.163000003,1.072999954,7.631000042,-15.98700047,19.48020112,0,1.961203814
0.177000001,1.090000033,6.447999954,-15.4090004,19.51963473,0,1.726989388
0.186000004,1.08099997,3.196000099,-12.68599987,19.55906833,0,1.450994611
0.186000004,1.024999976,0.931999981,-10.21199989,19.59850194,0,1.291557431
0.167999998,0.948000014,-0.519999981,-8.484000206,19.63793554,0,1.164547205
0.129999995,0.903999984,0.26699999,-6.181000233,19.67736915,0,1.057419777
0.093999997,0.903999984,-0.721000016,-3.770999908,19.71680275,0,0.976212084
0.055,0.916000009,-0.442999989,-1.876000047,19.75623636,0,0.928757548
0.018999999,0.930999994,-0.501999974,-0.089000002,19.79566997,0,0.920020223
-0.009,0.958999991,-0.041999999,0.876999974,19.83510357,0,0.951162696
-0.013,0.963,0.247999996,0.48300001,19.87453718,0,1.018343329
-0.021,0.977999985,0.76700002,0.052999999,19.91397078,0,1.115355492
-0.017999999,0.967999995,2.338000059,-1.549000025,19.95340439,0,1.234212399
0.006,0.939999998,3.296000004,-4.245999813,19.99283799,0,1.369508386
0.043000001,0.938000023,3.948999882,-6.916999817,20.0322716,0,1.606842995
0.086999997,0.980000019,5.315000057,-10.27000046,20.0717052,0,1.871175766
0.126000002,1.024999976,6.953000069,-14.15200043,20.11113881,0,2.031524897
0.156000003,1.067999959,7.242000103,-15.74100018,20.15057242,0,1.978844285
0.172999993,1.088999987,6.869999886,-15.68200016,20.19000602,0,1.754983664
0.180999994,1.083999991,3.778000116,-13.02099991,20.22943963,0,1.47941792
0.184,1.031999946,1.417999983,-10.49400043,20.26887323,0,1.30565834
0.166999996,0.953999996,0.293000013,-8.696000099,20.30830684,0,1.176979184
0.129999995,0.907000005,0.163000003,-6.427999973,20.34774044,0,1.067524195
0.094999999,0.903999984,-0.509000003,-4.139999866,20.38717405,0,0.98322016
0.059,0.915000021,-0.63499999,-1.922000051,20.42660765,0,0.93197459
0.025,0.925999999,-0.333000004,-0.169,20.46604126,0,0.919036269
-0.006,0.95599997,-0.416999996,0.839999974,20.50547487,0,0.946120083
-0.012,0.962000012,0.052000001,0.388999999,20.54490847,0,1.010149121
-0.017999999,0.973999977,1.069000006,0.064999998,20.58434208,0,1.104086399
-0.016000001,0.968999982,2.773999929,-1.730000019,20.62377568,0,1.221463919
0.005,0.940999985,3.385999918,-3.941999912,20.66320929,0,1.354839563
0.039000001,0.93900001,4.017000198,-6.356999874,20.70264289,0,1.579008341
0.082000002,0.977999985,5.267000198,-9.798000336,20.7420765,0,1.846249819
0.119999997,1.023000002,6.698999882,-13.43299961,20.7815101,0,2.023921967
0.150999993,1.065000057,8.059000015,-15.8210001,20.82094371,0,1.994548917
0.169,1.088000059,6.96600008,-15.56299973,20.86037731,0,1.781406522
0.178000003,1.082999945,4.340000153,-13.28100014,20.89981092,0,1.50805831
0.181999996,1.036000013,2.230000019,-10.84899998,20.93924453,0,1.319326162
0.169,0.961000025,0.985000014,-8.887999535,20.97867813,0,1.189614415
0.133000001,0.911000013,0.326999992,-6.585000038,21.01811174,0,1.077486038
0.098999999,0.904999971,-0.448000014,-4.149000168,21.05754534,0,0.990586758
0.067000002,0.913999975,-0.930999994,-2.265000105,21.09697895,0,0.935460567
0.029999999,0.924000025,-0.449999988,-0.540000021,21.13641255,0,0.91849339
-0.003,0.953000009,0.118000001,0.926999986,21.17584616,0,0.941658735
-0.011,0.961000025,0.354000002,0.583000004,21.21527976,0,1.001936674
-0.014,0.968999982,0.58099997,-0.033,21.25471337,0,1.093502879
-0.015,0.967000008,2.109999895,-1.799999952,21.29414698,0,1.208359718
0.007,0.939999998,3.476999998,-3.826999903,21.33358058,0,1.340868235
0.037999999,0.936999977,3.914999962,-6.538000107,21.37301419,0,1.550047159
0.078000002,0.973999977,5.06400013,-9.244000435,21.41244779,0,1.821451545
0.116999999,1.018000007,6.624000072,-13.06599998,21.4518814,0,2.01362586
0.145999998,1.057999969,7.09100008,-15.44900036,21.491315,0,2.008157253
0.164000005,1.085999966,7.368999958,-15.89000034,21.53074861,0,1.808347344
0.172000006,1.08099997,4.664000034,-13.49800015,21.57018221,0,1.536867857
0.177000001,1.036999941,1.692999959,-11.0170002,21.60961582,0,1.3336941
0.167999998,0.967000008,0.787999988,-8.94299984,21.64904942,0,1.202445388
0.136000007,0.916000009,0.158000007,-6.867000103,21.68848303,0,1.088127136
0.101999998,0.907999992,-0.79400003,-4.460000038,21.72791664,0,0.998303831
0.071999997,0.913999975,-0.560000002,-2.438999891,21.76735024,0,0.939501286
0.035,0.922999978,-0.460000008,-0.694999993,21.80678385,0,0.918392658
0.001,0.949999988,-0.577000022,0.68900001,21.84621745,0,0.937412798
-0.009,0.961000025,0.226999998,0.52700001,21.88565106,0,0.994062841
-0.012,0.966000021,0.757000029,0.177000001,21.92508466,0,1.082730889
-0.017000001,0.971000016,2.072000027,-1.460000038,21.96451827,0,1.195441484
0.004,0.941999972,2.98300004,-3.638000011,22.00395187,0,1.32643652
0.034000002,0.93900001,3.806999922,-5.636000156,22.04338548,0,1.52117753
0.074000001,0.97299999,4.217999935,-8.704999924,22.08281909,0,1.794851065
0.114,1.016000032,6.535999775,-13.1079998,22.12225269,0,2.001023531
0.143999994,1.052999973,7.395999908,-15.375,22.1616863,0,2.019111395
0.165000007,1.085000038,7.380000114,-15.88500023,22.2011199,0,1.834568739
0.173999995,1.083999991,5.083000183,-13.99400043,22.24055351,0,1.564635634
0.179000005,1.04400003,2.094000101,-11.15499973,22.27998711,0,1.348189235
0.171000004,0.972000003,0.850000024,-9.227999687,22.31942072,0,1.214941382
0.141000003,0.917999983,0.495999992,-7.198999882,22.35885432,0,1.099029899
0.108999997,0.908999979,-0.954999983,-4.837999821,22.39828793,0,1.006034017
0.078000002,0.916999996,-0.813000023,-2.588000059,22.43772154,0,0.94395411
0.039000001,0.930000007,-0.57099998,-0.746999979,22.47715514,0,0.918711901
0.003,0.947000027,-0.282999992,0.58099997,22.51658875,0,0.933582127
-0.009,0.959999979,0.097000003,0.526000023,22.55602235,0,0.986829698
-0.011,0.963999987,0.806999981,0.170000002,22.59545596,0,1.072224617
-0.017999999,0.976000011,2.068000078,-1.315000057,22.63488956,0,1.183221221
0.002,0.944000006,2.562999964,-3.467000008,22.67432317,0,1.312134862
0.032000002,0.938000023,3.739000082,-5.551000118,22.71375677,0,1.493599415
0.072999999,0.967999995,4.058000088,-8.270999908,22.75319038,0,1.767596006
0.112000003,1.011999965,6.715000153,-12.60200024,22.79262398,0,1.986886144
0.144999996,1.049999952,7.118999958,-15.13000011,22.83205759,0,2.028198242
0.166999996,1.085000038,7.275000095,-15.8920002,22.8714912,0,1.858937025
0.178000003,1.085999966,5.263999939,-14.11699963,22.9109248,0,1.593621135
0.182999998,1.052000046,2.282999992,-11.58100033,22.95035841,0,1.36221838
0.177000001,0.980000019,1.093000054,-9.496999741,22.98979201,0,1.228136659
0.147,0.922999978,0.661000013,-7.479000092,23.02922562,0,1.10973525
0.114,0.910000026,-0.405000001,-4.854000092,23.06865922,0,1.014413595
0.082999997,0.917999983,-0.501999974,-2.894999981,23.10809283,0,0.948813617
0.046999998,0.936999977,-0.699999988,-0.899999976,23.14752643,0,0.919477224
0.003,0.947000027,-0.335000008,0.515999973,23.18696004,0,0.930171788
-0.008,0.958999991,0.148000002,0.708999991,23.22639365,0,0.979642928
-0.01,0.963,0.588999987,0.177000001,23.26582725,0,1.061992407
-0.02,0.980000019,1.557999969,-0.731000006,23.30526086,0,1.170687795
0,0.94599998,2.392999887,-3.201999903,23.34469446,0,1.297969818
0.029999999,0.936999977,3.558000088,-5.638000011,23.38412807,0,1.465062499
0.068999998,0.958999991,3.888000011,-8.479999542,23.42356167,0,1.739807606
0.108999997,1.004999995,5.627999783,-11.94400024,23.46299528,0,1.970185161
0.143999994,1.046000004,7.881000042,-14.96000004,23.50242888,0,2.034807444
0.166999996,1.083999991,7.335999966,-15.96700001,23.54186249,0,1.883341312
0.178000003,1.085999966,5.453999996,-14.53100014,23.58129609,0,1.622608423
0.185000002,1.059000015,2.924999952,-12.03800011,23.6207297,0,1.376944304
0.180999994,0.99000001,0.994000018,-9.630999565,23.66016331,0,1.241507649
0.088,0.916999996,-1.263000011,-3.263999939,23.69959691,0,0.953855157
0.052000001,0.934000015,-0.991999984,-1.25999999,23.73903052,0,0.920682907
0.008,0.940999985,-0.145999998,0.467999995,23.77846412,0,0.92729795
-0.009,0.958999991,-0.526000023,0.644999981,23.81789773,0,0.972818553
-0.009,0.961000025,0.722000003,0.184,23.85733133,0,1.052434921
-0.021,0.978999972,1.120000005,-0.412999988,23.89676494,0,1.158360958
-0.004,0.948000014,2.411000013,-2.818000078,23.93619854,0,1.284505606
0.025,0.935000002,3.424000025,-5.47300005,23.97563215,0,1.436766148
0.066,0.949000001,4.645999908,-8.027000427,24.01506576,0,1.712731719
0.109999999,0.996999979,5.774000168,-11.9460001,24.05449936,0,1.951632619
0.144999996,1.039999962,7.652999878,-14.86600018,24.09393297,0,2.038745403
0.169,1.080000043,7.446000099,-16.15800095,24.13336657,0,1.906592369
0.182999998,1.083999991,5.834000111,-14.80000019,24.17280018,0,1.650374889
0.189999998,1.065999985,2.872999907,-12.49400043,24.21223378,0,1.391778946
0.187000006,1.003999949,-0.013,-9.852999687,24.25166739,0,1.254503012
0.158000007,0.93900001,0.023,-7.936999798,24.29110099,0,1.132757545
0.123999998,0.911000013,-0.333999991,-5.480999947,24.3305346,0,1.031774044
0.090999998,0.916000009,-0.843999982,-3.424000025,24.36996821,0,0.959492326
0.056000002,0.930999994,-1.225999951,-1.361999989,24.40940181,0,0.922253191
0.01,0.938000023,-0.598999977,0.206,24.44883542,0,0.924724996
-0.009,0.958000004,-0.524999976,0.519999981,24.48826902,0,0.966615736
-0.01,0.961000025,0.287,0.159999996,24.52770263,0,1.042764068
-0.021,0.978999972,1.52699995,-0.419,24.56713623,0,1.146728754
-0.007,0.954999983,2.823999882,-2.680999994,24.60656984,0,1.270626187
0.02,0.935000002,3.325999975,-5.400000095,24.64600344,0,1.409869194
0.063000001,0.941999972,3.640000105,-7.605000019,24.68543705,0,1.684209704
0.108000003,0.990999997,5.602000237,-11.44299984,24.72487065,0,1.931399107
0.144999996,1.036000013,7.419000149,-14.69900036,24.76430426,0,2.040290594
0.171000004,1.078999996,7.078000069,-16.4260006,24.80373787,0,1.928526878
0.184,1.087000012,5.697000027,-14.83899975,24.84317147,0,1.679163098
0.192000002,1.072000027,2.944999933,-12.73200035,24.88260508,0,1.406715751
0.193000004,1.013000011,-0.323000014,-9.989999771,24.92203868,0,1.268199205
0.169,0.944999993,0.367000014,-8.248000145,24.96147229,0,1.144617796
0.129999995,0.911000013,0.363000005,-5.868000031,25.00090589,0,1.041092515
0.093999997,0.913999975,-0.785000026,-3.58100009,25.0403395,0,0.965516031
0.059,0.930999994,-0.783999979,-1.493000031,25.0797731,0,0.924316823
0.013,0.938000023,-0.592000008,0.075000003,25.11920671,0,0.922584951
-0.007,0.95599997,-0.300000012,0.58099997,25.15864032,0,0.960524678
-0.01,0.961000025,-0.072999999,0.462000012,25.19807392,0,1.033391953
-0.021,0.976999998,1.465999961,-0.293000013,25.23750753,0,1.134828568
-0.011,0.963,2.51699996,-2.448999882,25.27694113,0,1.256901979
0.016000001,0.936999977,3.821000099,-4.853000164,25.31637474,0,1.394400597
0.061000001,0.93900001,4.051000118,-7.22300005,25.35580834,0,1.655453801
0.108000003,0.987999976,5.379000187,-11.12100029,25.39524195,0,1.910553098
0.145999998,1.032999992,7.117000103,-14.54500008,25.43467555,0,2.039207459
0.172999993,1.075999975,7.127999783,-16.3239994,25.47410916,0,1.948188424
0.187999994,1.085999966,6.038000107,-15.67599964,25.51354276,0,1.707732677
0.194999993,1.075000048,3.207000017,-12.97900009,25.55297637,0,1.431814313
0.195999995,1.018000007,0.896000028,-10.30300045,25.59240998,0,1.282051802
0.172000006,0.94599998,0.432999998,-8.447999954,25.63184358,0,1.156213284
0.134000003,0.911000013,0.082000002,-6.197999954,25.67127719,0,1.050711513
0.098999999,0.915000021,-0.462000012,-3.773999929,25.71071079,0,0.971655428
0.063000001,0.927999973,-1.286999941,-1.699000001,25.7501444,0,0.926813841
0.017999999,0.934000015,-0.143000007,-0.07,25.789578,0,0.920940697
-0.005,0.954999983,0.046999998,0.573000014,25.82901161,0,0.954818904
-0.009,0.959999979,-0.050000001,0.421999991,25.86844521,0,1.024683833
-0.016000001,0.972000003,1.06099999,-0.150999993,25.90787882,0,1.123157263
-0.009,0.963,2.299000025,-2.477999926,25.94731243,0,1.243878722
0.016000001,0.938000023,3.747999907,-4.693999767,25.98674603,0,1.379547715
0.055,0.936999977,3.438999891,-7.31099987,26.02617964,0,1.627705216
0.101000004,0.981999993,5.142000198,-10.69400024,26.06561324,0,1.887521744
0.140000001,1.02699995,6.853000164,-13.77000046,26.10504685,0,2.035707474
0.170000002,1.072999954,7.081999779,-16.21500015,26.14448045,0,1.96704936
0.185000002,1.085999966,6.275000095,-15.65200043,26.18391406,0,1.734869957
0.194000006,1.077999949,3.253999949,-13.07199955,26.22334766,0,1.460063577
0.194999993,1.024000049,0.967000008,-10.64999962,26.26278127,0,1.295491219
0.173999995,0.949999988,0.375,-8.737000465,26.30221487,0,1.168502927
0.138999999,0.910000026,-0.216999993,-6.393000126,26.34164848,0,1.060622454
0.107000001,0.916000009,-0.437999994,-4.202000141,26.38108209,0,0.978415191
0.071999997,0.92900002,-1.233999968,-2.101000071,26.42051569,0,0.929740787
0.033,0.944000006,-0.637000024,-0.294999987,26.4599493,0,0.919657409
-0.001,0.953000009,-0.674000025,0.660000026,26.4993829,0,0.949505568
-0.007,0.958999991,0,0.344000012,26.53881651,0,1.015922427
-0.013,0.967999995,1.177999973,-0.079999998,26.57825011,0,1.111722708
-0.009,0.962000012,2.194999933,-2.270999908,26.61768372,0,1.230477452
0.014,0.938000023,2.967000008,-4.390999794,26.65711732,0,1.364802003
0.050999999,0.938000023,3.27699995,-6.920000076,26.69655093,0,1.598724723
0.094999999,0.978999972,5.119999886,-9.994999886,26.73598454,0,1.863308907
0.133000001,1.021999955,6.784999847,-13.93299961,26.77541814,0,2.029543638
0.165000007,1.069000006,7.688000202,-16.08600044,26.81485175,0,1.984088302
0.182999998,1.087000012,6.762000084,-16.1420002,26.85428535,0,1.762740612
0.191,1.078999996,3.711999893,-13.51200008,26.89371896,0,1.488561511
0.194999993,1.029999971,0.689999998,-10.91899967,26.93315256,0,1.309631824
0.178000003,0.95599997,0.214000002,-9.078000069,26.97258617,0,1.18100059
0.143999994,0.911000013,-0.201000005,-6.782999992,27.01201977,0,1.070403576
0.115000002,0.915000021,-0.739000022,-4.414000034,27.05145338,0,0.98553896
0.081,0.922999978,-0.911000013,-2.427999973,27.09088699,0,0.932951152
0.043000001,0.940999985,-0.75999999,-0.683000028,27.13032059,0,0.91881454
0.001,0.949000001,-0.727999985,0.377000004,27.1697542,0,0.944780231
-0.005,0.958000004,-0.368999988,0.319999993,27.2091878,0,1.007484794
-0.01,0.964999974,1.050999999,-0.210999995,27.24862141,0,1.100975394
-0.009,0.966000021,2.400000095,-2.072000027,27.28805501,0,1.217250824
0.011,0.93900001,3.562000036,-4.15199995,27.32748862,0,1.350753188
0.045000002,0.938000023,3.766000032,-6.511000156,27.36692222,0,1.569734216
0.086999997,0.976999998,4.835000038,-10.01200008,27.40635583,0,1.83909905
0.127000004,1.019999981,6.803999901,-13.69099998,27.44578943,0,2.020885706
0.160999998,1.067000031,7.304999828,-15.81200027,27.48522304,0,1.998577237
0.179000005,1.088000059,7.020999908,-15.70699978,27.52465665,0,1.790097952
0.187999994,1.080000043,4.197999954,-13.68099976,27.56409025,0,1.516110063
0.194000006,1.034999967,1.200000048,-11.08199978,27.60352386,0,1.32390976
0.181999996,0.963,0.601000011,-8.993000031,27.64295746,0,1.193187594
0.150000006,0.91900003,0.004,-6.919000149,27.68239107,0,1.080862284
0.119999997,0.913999975,-1.161999941,-4.499000072,27.72182467,0,0.992712677
0.086999997,0.917999983,-1.567000031,-2.757999897,27.76125828,0,0.936708331
0.050000001,0.93900001,-1.383000016,-0.791999996,27.80069188,0,0.918420732
0.004,0.947000027,-0.837000012,0.412,27.84012549,0,0.940255165
-0.003,0.957000017,-0.368000001,0.432000011,27.8795591,0,0.999697626
-0.009,0.963999987,0.972000003,-0.275999993,27.9189927,0,1.090027452
-0.01,0.964999974,1.809000015,-1.932999969,27.95842631,0,1.204205275
0.011,0.939999998,2.96600008,-3.815000057,27.99785991,0,1.336236477
0.043000001,0.93900001,3.552000046,-6.413000107,28.03729352,0,1.54079628
0.083999999,0.975000024,4.453000069,-9.390000343,28.07672712,0,1.813018322
0.125,1.01699996,6.295000076,-13.27999973,28.11616073,0,2.009837627
0.159999996,1.062000036,7.290999889,-15.49400043,28.15559433,0,2.011571169
0.180000007,1.088000059,6.859000206,-16.18600082,28.19502794,0,1.816822886
0.187999994,1.08099997,4.730999947,-13.90499973,28.23446154,0,1.544957876
0.194999993,1.042999983,1.764999986,-11.38700008,28.27389515,0,1.338319063
0.186000004,0.97299999,0.536000013,-9.482999802,28.31332876,0,1.20607233
0.155000001,0.925000012,0.145999998,-7.445000172,28.35276236,0,1.091587901
0.122000001,0.913999975,-0.584999979,-5.013000011,28.39219597,0,1.00052619
0.090000004,0.916999996,-1.81099999,-2.960999966,28.43162957,0,0.94088161
0.052999999,0.93900001,-1.024999976,-1.003000021,28.47106318,0,0.918443739
0.007,0.949000001,-0.663999975,0.423000008,28.51049678,0,0.93614161
-0.002,0.95599997,-0.090999998,0.158000007,28.54993039,0,0.991919875
-0.009,0.963,0.925999999,-0.241999999,28.58936399,0,1.079339743
-0.012,0.971000016,1.792000055,-1.281000018,28.6287976,0,1.191858649
0.01,0.943000019,3.171000004,-3.588999987,28.66823121,0,1.321845531
0.041000001,0.938000023,3.26699996,-5.842000008,28.70766481,0,1.513118029
0.082000002,0.971000016,4.336999893,-8.961999893,28.74709842,0,1.786194563
0.123000003,1.013000011,6.763999939,-12.90600014,28.78653202,0,1.997100472
0.158999994,1.057999969,7.541999817,-15.4659996,28.82596563,0,2.0222826
0.180000007,1.088000059,6.823999882,-16.12100029,28.86539923,0,1.841763258
0.188999996,1.082000017,5.066999912,-14.30300045,28.90483284,0,1.573907018
0.196999997,1.049999952,1.914999962,-11.76099968,28.94426644,0,1.352269769
0.189999998,0.981999993,0.800999999,-9.640000343,28.98370005,0,1.219144344
0.159999996,0.927999973,-0.083999999,-7.623000145,29.02313366,0,1.102128625
0.125,0.913999975,-1.131999969,-5.129000187,29.06256726,0,1.008679509
0.093999997,0.916999996,-1.152999997,-3.15199995,29.10200087,0,0.945274115
0.057999998,0.93900001,-1.782999992,-1.266000032,29.14143447,0,0.918908715
0.017999999,0.962000012,-0.755999982,0.326000005,29.18086808,0,0.932584643
-0.005,0.962000012,-0.187000006,0.421000004,29.22030168,0,0.984490991
-0.007,0.963999987,0.888000011,0.005,29.25973529,0,1.069331646
-0.013,0.976000011,1.417000055,-1.062000036,29.29916889,0,1.17918849
0.009,0.944999993,2.960999966,-3.451999903,29.3386025,0,1.308154583
0.037,0.938000023,3.486999989,-5.93900013,29.3780361,0,1.484444141
0.079000004,0.967999995,4.592000008,-8.312999725,29.41746971,0,1.759864211
0.122000001,1.00999999,6.532999992,-12.54300022,29.45690332,0,1.981753469
0.158999994,1.05400002,7.440000057,-15.38000011,29.49633692,0,2.030302525
0.180999994,1.088000059,6.949999809,-16.33600044,29.53577053,0,1.866862178
0.189999998,1.082000017,5.156000137,-14.5369997,29.57520413,0,1.60174036
0.197999999,1.057999969,2.135999918,-12.01099968,29.61463774,0,1.366918325
0.194999993,0.995999992,0.811999977,-9.56400013,29.65407134,0,1.232396603
0.165999994,0.938000023,-0.453999996,-7.850999832,29.69350495,0,1.113354325
0.128999993,0.916000009,-0.934000015,-5.537000179,29.73293855,0,1.017164111
0.098999999,0.921999991,-1.692999959,-3.306999922,29.77237216,0,0.950246274
0.063000001,0.93599999,-1.636000037,-1.286999941,29.81180577,0,0.919815123
0.022,0.959999979,-0.943000019,0.31400001,29.85123937,0,0.929293036
-0.005,0.961000025,-0.338999987,0.537,29.89067298,0,0.977419317
-0.007,0.963,0.619000018,-0.048999999,29.93010658,0,1.059177637
-0.016000001,0.978999972,1.444000006,-0.77700001,29.96954019,0,1.166720271
0.003,0.948000014,3.089999914,-3.174999952,30.00897379,0,1.294028878
0.033,0.936999977,3.505000114,-5.416999817,30.0484074,0,1.455979347
0.075000003,0.963,3.812999964,-8.147999763,30.087841,0,1.731946468
0.119000003,1.008000016,5.142000198,-12.2329998,30.12727461,0,1.964441657
0.156000003,1.047999978,7.05700016,-15.39999962,30.16670821,0,2.036202192
0.180999994,1.087000012,7.477000237,-16.34000015,30.20614182,0,1.890914798
0.191,1.083999991,5.464000225,-14.92199993,30.24557543,0,1.630716085
0.199000001,1.062999964,2.282000065,-12.41399956,30.28500903,0,1.381679893
0.199000001,1.003999949,0.395000011,-9.916999817,30.32444264,0,1.245282054
0.171000004,0.944000006,-0.760999978,-8.001999855,30.36387624,0,1.12482357
0.131999999,0.916999996,-0.899999976,-5.638000011,30.40330985,0,1.025613308
0.098999999,0.921000004,-0.671999991,-3.292000055,30.44274345,0,0.955616534
0.063000001,0.933000028,-0.968999982,-1.547000051,30.48217706,0,0.921099126
0.017999999,0.949999988,-0.586000025,0.252000004,30.52161066,0,0.926427782
-0.003,0.954999983,-0.298000008,0.555999994,30.56104427,0,0.97097373
-0.008,0.959999979,0.164000005,0.101000004,30.60047788,0,1.0493083
-0.015,0.973999977,1.120000005,-0.499000013,30.63991148,0,1.154947519
0,0.947000027,2.270999908,-3.029999971,30.67934509,0,1.280047536
0.029999999,0.935000002,3.298000097,-5.296000004,30.71877869,0,1.428892374
0.071999997,0.952000022,4.171000004,-7.921000004,30.7582123,0,1.703635573
0.119999997,1,6.09499979,-11.92800045,30.7976459,0,1.946129203
0.158000007,1.042000055,7.040999889,-15.26599979,30.83707951,0,2.039525032
0.186000004,1.083999991,7.065999985,-16.52099991,30.87651311,0,1.912873983
0.194999993,1.082999945,5.105000019,-15.34399986,30.91594672,0,1.659605861
0.202000007,1.065999985,2.433000088,-12.54399967,30.95538033,0,1.395951152
0.202999994,1.006999969,-0.49000001,-10.1239996,30.99481393,0,1.258868337
0.175999999,0.944999993,-0.583999991,-8.218999863,31.03424754,0,1.136055589
0.136999995,0.913999975,-0.663999975,-5.934999943,31.07368114,0,1.034722805
0.103,0.915000021,-0.89200002,-3.661999941,31.11311475,0,0.961140275
0.064999998,0.930999994,-1.582000017,-1.616000056,31.15254835,0,0.922866285
0.023,0.949999988,-0.630999982,0.018999999,31.19198196,0,0.924081981
-0.003,0.954999983,0.052999999,0.479000002,31.23141556,0,0.964625001
-0.007,0.959999979,0.061999999,0.179000005,31.27084917,0,1.039731979
-0.013,0.972000003,1.182999969,-0.381000012,31.31028277,0,1.142896056
-0.003,0.953999996,2.329999924,-2.73300004,31.34971638,0,1.266217113
0.025,0.93599999,3.520999908,-5.278999805,31.38914999,0,1.404558897
0.07,0.943000019,4.164999962,-7.544000149,31.42858359,0,1.675029159
0.116999999,0.992999971,4.949999809,-11.77999973,31.4680172,0,1.925455928
0.156000003,1.036000013,6.243000031,-15.10200024,31.5074508,0,2.040229797
