Theta,Gamma,Theta_dot,Gamma_dot,Current 0,Current 1 ,Foot Force
-0.056000002,0.927999973,0.00144,0.000240002,5.231999874,-2.786000013,3.961152551
-0.02,0.934000015,0.00136,0.00108,5.671000004,-5.330999851,5.973365953
0.014,0.961000025,0.00144,0.002120001,7.961999893,-8.902999878,9.503133816
0.050000001,1.014000058,0.00104,0.002279997,9.340999603,-12.42000008,12.72859122
0.075999998,1.07099998,0.0006,0.001240001,10.02400017,-13.79599953,14.13013055
0.090999998,1.101999998,0.0002,-0.0004,7.769999981,-12.97999954,12.77466114
0.096000001,1.092000008,0.0002,-0.002839999,6.039999962,-10.69299984,10.40983761
0.101000004,1.021000028,-0.00044,-0.002680001,2.525000095,-8.230999947,7.318598659
0.090000004,0.953999996,-0.001,-0.001960001,1.963999987,-6.664000034,5.947263033
0.064999998,0.904999971,-0.00096,-0.000839999,1.896999955,-4.927999973,4.550213853
0.041000001,0.884000003,-0.001,-4.00E-05,0.681999981,-3.005000114,2.592039884
0.016000001,0.883000016,-0.00136,0.0002,0.317999989,-1.25999999,1.0781803
-0.017999999,0.888000011,-0.00096,0.00092,0.930000007,0.398000002,0.046188356
-0.041999999,0.911000013,-0.00044,0.000439999,1.269999981,1.154999971,-0.341957789
-0.052999999,0.921999991,-0.00024,0.000480001,1.730000019,0.875999987,0.05163681
-0.059,0.934000015,-0.00036,8.00E-05,2.530999899,0.493000001,0.642819794
-0.068000004,0.93599999,0.00056,-0.0004,3.855999947,-0.735000014,2.015231703
-0.054000001,0.925999999,0.00136,0.0002,5.046999931,-2.790999889,3.893753598
-0.02,0.930999994,0.00132,0.001200001,6.25,-5.296000004,6.166619598
0.013,0.961000025,0.00152,0.002079999,7.431000233,-8.555999756,9.048305925
0.050999999,1.013000011,0.00112,0.002199998,9.140000343,-11.95400047,12.31043114
0.079000004,1.067999959,0.00068,0.00112,9.258999825,-13.79399967,13.86458687
0.096000001,1.095999956,0.0002,-0.000239997,8.795999527,-13.32699966,13.4329131
0.101000004,1.090000033,0.00024,-0.002639999,6.15899992,-11.16600037,10.83845256
0.107000001,1.024000049,-0.00028,-0.002480001,3.157000065,-8.772999763,7.982798262
0.100000001,0.962000012,-0.001,-0.002280002,2.329999924,-6.926000118,6.300935832
0.075000003,0.904999971,-0.00112,-0.001159999,1.896999955,-5.282000065,4.860218583
0.046999998,0.875999987,-0.00112,0.000240002,1.605000019,-3.345000029,3.196302421
0.018999999,0.882000029,-0.00144,0.0002,1.312999964,-1.493999958,1.610964279
-0.017000001,0.887000024,-0.001,0.00096,0.850000024,0.172999993,0.18254309
-0.041999999,0.911000013,-0.00048,0.00052,1.069000006,1.210999966,-0.457916239
-0.054000001,0.924000025,-0.00044,0.000599999,1.628999949,1.072000027,-0.121715347
-0.064999998,0.93900001,-0.00016,0,2.523000002,0.795000017,0.443340636
-0.068999998,0.93900001,0.0006,-0.00056,3.897000074,-0.532000005,1.895186851
-0.054000001,0.925000012,0.0014,0.00036,4.921999931,-2.614000082,3.721878697
-0.018999999,0.934000015,0.00132,0.00092,5.454999924,-4.986000061,5.645192759
0.014,0.957000017,0.00156,0.00204,7.181000233,-8.194000244,8.696020277
0.052999999,1.008000016,0.00124,0.00204,8.798999786,-11.75300026,12.04789701
0.083999999,1.059000015,0.00064,0.001279998,9.239999771,-13.76799965,13.86256693
0.100000001,1.090999961,0.00024,-0.000119996,8.484999657,-13.72999954,13.64844406
0.105999999,1.088000059,0.0002,-0.002440004,6.294000149,-11.3380003,11.04127835
0.111000001,1.02699995,-0.00012,-0.002319999,3.394999981,-9.102999687,8.337737346
0.108000003,0.968999982,-0.00104,-0.002359998,1.875,-7.214000225,6.397629112
0.082000002,0.910000026,-0.00124,-0.00128,1.690000057,-5.427999973,4.920164097
0.050999999,0.878000021,-0.00116,0.0002,2.003000021,-3.572999954,3.517201863
0.022,0.883000016,-0.00152,0.0002,1.121999979,-1.656000018,1.670376595
-0.016000001,0.888000011,-0.00104,0.00092,1.039999962,-0.199000001,0.527198036
-0.041999999,0.911000013,-0.00052,0.00052,1.187000036,1.246999979,-0.438896224
-0.055,0.924000025,-0.00044,0.000639999,1.631999969,1.187999964,-0.200120236
-0.066,0.939999998,-0.00024,0.00016,2.440999985,0.878000021,0.356559704
-0.071999997,0.944000006,0.00056,-0.000640001,3.765000105,-0.140000001,1.582810826
-0.057999998,0.927999973,0.00136,0.000240002,5.010000229,-2.329999924,3.557832925
-0.024,0.934000015,0.0014,0.00092,5.156000137,-4.664000034,5.292316457
0.011,0.957000017,0.0016,0.001879997,6.868000031,-7.958000183,8.397179949
0.050999999,1.003999949,0.00136,0.00204,8.532999992,-11.61600018,11.8427769
0.085000001,1.054999948,0.0008,0.001280003,9.595000267,-14.02499962,14.19207987
0.104999997,1.087000012,0.00032,-8.00E-05,8.934000015,-14.13700008,14.14692979
0.112999998,1.085000038,0.00024,-0.002120004,5.702000141,-12.43700027,11.72235544
0.119000003,1.031999946,4.00E-05,-0.002239997,3.661999941,-9.940999985,9.121186845
0.119999997,0.976000011,-0.001,-0.00256,1.875,-7.787000179,6.893734231
0.094999999,0.912,-0.00132,-0.001400001,2.073999882,-6.104000092,5.629577808
0.061999999,0.876999974,-0.00132,0.00016,1.296000004,-3.874000072,3.543011214
0.028999999,0.880999982,-0.00148,0.00016,0.536000013,-1.802999973,1.58744254
-0.008,0.88499999,-0.0012,0.00092,0.917999983,-0.166999996,0.457073566
-0.037999999,0.907999992,-0.00068,0.000680001,0.95599997,1.166000009,-0.47529189
-0.055,0.925000012,-0.00048,0.000639999,1.585000038,1.376000047,-0.348715363
-0.067000002,0.940999985,-0.00032,0.0004,2.328999996,1.00999999,0.224587408
-0.075000003,0.950999975,0.00044,-0.000799999,3.664000034,0.145999998,1.358283244
-0.064000003,0.930999994,0.00128,-8.00E-05,4.864999771,-1.944000006,3.235654306
-0.032000002,0.92900002,0.00164,0.00112,5.157999992,-4.239999771,4.979084138
0.009,0.957000017,0.00176,0.00184,6.613999844,-7.504000187,7.962950157
0.052999999,1.003000021,0.0014,0.00184,8.095999718,-11.31000042,11.46393592
0.088,1.049000025,0.00088,0.001279998,9.630999565,-13.92399979,14.14326694
0.109999999,1.08099997,0.00048,0,8.744999886,-14.77999973,14.60499979
0.122000001,1.08099997,0.0004,-0.00152,6.480999947,-12.52900028,12.11194953
0.131999999,1.042999983,8.00E-05,-0.002319999,3.865999937,-10.20600033,9.448538709
0.134000003,0.985000014,-0.00108,-0.002720001,1.302000046,-7.981999874,6.90807776
0.107000001,0.916999996,-0.00144,-0.001559999,1.654000044,-6.34800005,5.721858099
0.071000002,0.878000021,-0.00132,-8.00E-05,0.832000017,-4.420000076,3.84924949
0.037999999,0.875999987,-0.00152,0.00056,0.063000001,-2.217999935,1.76444106
0,0.889999986,-0.00136,0.00056,0.796999991,-0.252000004,0.476286282
-0.034000002,0.903999984,-0.0008,0.000800002,0.949999988,1.095999956,-0.434335283
-0.054000001,0.924000025,-0.00052,0.000679998,1.496999979,1.274000049,-0.313682917
-0.067000002,0.940999985,-0.0004,0.00052,2.219000101,1.190000057,0.058338015
-0.077,0.953999996,0.00028,-0.00052,3.53399992,0.432000011,1.119250778
-0.07,0.940999985,0.0012,-0.00056,4.862999916,-1.661999941,3.047569504
-0.039999999,0.926999986,0.00184,0.001240001,5.781000137,-4.132999897,5.129816249
0.006,0.958000004,0.00192,0.00168,6.393000126,-7.237999916,7.676304662
0.054000001,1,0.0016,0.001799998,7.934000015,-11.07900047,11.23810608
0.093999997,1.044999957,0.00104,0.001480002,8.756999969,-14.04199982,13.9580889
0.119999997,1.082000017,0.0006,0.000320001,8.470000267,-14.78199959,14.56442589
0.135000005,1.090000033,0.00052,-0.001400003,6.03000021,-13.15600014,12.51724522
0.148000002,1.054999948,0,-0.002559998,2.60800004,-10.76099968,9.541749595
0.148000002,0.990999997,-0.001,-0.002839999,1.243000031,-8.562000275,7.414407629
0.123000003,0.920000017,-0.00144,-0.001760001,1.402999997,-7.136000156,6.342422381
0.086999997,0.875999987,-0.00152,-0.000279999,1.041000009,-5.111000061,4.531827579
0.048999999,0.869000018,-0.00164,0.00072,-0.016000001,-2.542999983,2.020847676
0.008,0.887000024,-0.00148,0.00056,1.047000051,-0.675999999,0.886343805
-0.028999999,0.901000023,-0.001,0.000999999,0.930999994,0.871999979,-0.286408341
-0.054000001,0.925999999,-0.0006,0.00076,1.422000051,1.631000042,-0.590447356
-0.068999998,0.944999993,-0.00036,0.0004,2.164999962,1.546000004,-0.198878877
-0.078000002,0.954999983,0.00024,-0.0004,3.46600008,0.518000007,1.036745377
-0.071999997,0.944999993,0.00116,-0.00076,4.639999866,-1.343000054,2.745710004
-0.043000001,0.925999999,0.00204,0.001199999,5.729000092,-3.750999928,4.836797206
0.008,0.95599997,0.002,0.001680002,5.977000237,-6.941999912,7.312393017
0.057999998,0.998000026,0.0016,0.001719999,7.546000004,-10.85700035,10.94998036
0.097999997,1.041000009,0.0012,0.001599998,8.875,-14.01599979,14.00256941
0.128000006,1.08099997,0.00064,0.000480003,7.752999783,-14.97999954,14.51725754
0.143999994,1.093000054,0.00048,-0.001200004,6.05700016,-13.52999973,12.87183768
0.156000003,1.062999964,4.00E-05,-0.002559998,3.525000095,-11.20199966,10.23260965
0.157000005,0.999000013,-0.00096,-0.002880001,1.361999989,-9.031999588,7.865127372
0.133000001,0.926999986,-0.00144,-0.001759999,0.998000026,-7.396999836,6.454636869
0.097000003,0.883000016,-0.00156,-0.000480001,0.828000009,-5.138000011,4.501563118
0.057999998,0.870999992,-0.00172,0.000680001,-0.057,-2.90899992,2.31497548
0.015,0.888000011,-0.00164,0.001039999,-0.013,-0.759000003,0.575183875
-0.026000001,0.913999975,-0.00084,0.000400002,0.777999997,0.925999999,-0.379460214
-0.046999998,0.924000025,-0.0006,0.000639999,1.300999999,1.315999985,-0.428812291
-0.061999999,0.939999998,-0.00048,0.000680001,2.036000013,1.406000018,-0.170984966
-0.074000001,0.957000017,0.00028,-0.00052,3.148000002,0.577000022,0.865583715
-0.067000002,0.944000006,0.00112,-0.000880001,4.453000069,-1.351999998,2.675021014
-0.039000001,0.921999991,0.00204,0.00112,5.252999783,-3.944999933,4.798020998
0.012,0.949999988,0.002,0.001800001,5.705999851,-6.803999901,7.127278514
0.061999999,0.995000005,0.00352,0.00408,7.013000011,-10.5880003,10.57567568
0.150000006,1.097000003,0.00056,-0.000999999,6.459000111,-13.85099983,13.29640177
0.164000005,1.072000027,0.00012,-0.002639999,3.555000067,-11.72900009,10.70338564
0.166999996,1.006000042,-0.00088,-0.002920001,1.026000023,-9.215000153,7.945631804
0.144999996,0.933000028,-0.00148,-0.001760001,1.003000021,-7.762000084,6.796910294
0.108000003,0.888999999,-0.00156,-0.00076,0.799000025,-5.65199995,4.940202227
0.068999998,0.870000005,-0.00184,0.000680001,0.02,-3.084000111,2.506605765
0.023,0.887000024,-0.00156,0.001239998,-0.259000003,-1.01699996,0.692378804
-0.016000001,0.917999983,-0.00092,0.00092,0.653999984,0.782000005,-0.328308426
-0.039000001,0.940999985,-0.00064,0.000840001,0.616999984,1.226999998,-0.628859507
-0.055,0.962000012,-0.0002,0.000479999,1.06099999,1.473999977,-0.596141065
-0.059999999,0.973999977,0.00024,-0.0004,2.015000105,0.500999987,0.459171139
-0.054000001,0.963999987,0.0012,-0.000999999,3.391000032,-1.126000047,2.106492742
-0.024,0.93900001,0.00168,0.000320001,5.077000141,-3.851000071,4.677342178
0.017999999,0.947000027,0.002,0.001279998,5.083000183,-6.46600008,6.668275057
0.068000004,0.978999972,0.00168,0.002000003,6.669000149,-10.61699963,10.52433003
0.109999999,1.029000044,0.00128,0.001799998,8.157999992,-13.94799995,13.77524488
0.142000005,1.074000001,0.00068,0.000840001,8.105999947,-15.36299992,15.02283576
0.158999994,1.095000029,0.00032,-0.0004,6.197000027,-14.43700027,13.72987416
0.166999996,1.085000038,4.00E-05,-0.002680001,3.316999912,-11.79100037,10.68227103
0.167999998,1.018000007,-0.00072,-0.00336,1.003000021,-9.519000053,8.171688051
0.150000006,0.934000015,-0.00156,-0.002079999,0.536000013,-8.218999863,7.055256151
0.111000001,0.882000029,-0.00156,-0.000680001,0.765999973,-5.923999786,5.183452335
0.071999997,0.86500001,-0.00172,0.000839999,-0.086999997,-3.480999947,2.808542904
0.028999999,0.885999978,-0.00152,0.001360002,0.324999988,-1.220999956,1.059568094
-0.009,0.920000017,-0.00104,0.001039999,0.890999973,0.632000029,-0.135843161
-0.035,0.94599998,-0.00068,0.000800002,0.531000018,1.388000011,-0.777812808
-0.052000001,0.966000021,-0.00024,0.00036,0.85799998,1.488000035,-0.687659223
-0.057999998,0.975000024,0.00024,-0.000400002,2.719000101,0.674000025,0.6187491
-0.052000001,0.964999974,0.00116,-0.00112,3.153000116,-1.101999998,1.99629895
-0.023,0.936999977,0.00164,0.000400002,4.34499979,-3.536000013,4.176807661
0.017999999,0.947000027,0.00192,0.000999999,5.008999825,-6.349999905,6.554892005
0.066,0.972000003,0.00176,0.00204,6.960999966,-10.42099953,10.4771169
0.109999999,1.023000002,0.00124,0.00184,8.307999611,-13.76500034,13.68893239
0.141000003,1.069000006,0.00068,0.000999999,8.597000122,-15.48999977,15.28568312
0.158000007,1.093999982,0.00024,-0.000239997,6.485000134,-14.4630003,13.84119827
0.164000005,1.088000059,0.00012,-0.002280002,3.673000097,-11.93599987,10.8991692
0.166999996,1.031000018,-0.00052,-0.00332,0.796000004,-9.501000404,8.063317804
0.153999999,0.948000014,-0.00144,-0.00244,1.389000058,-8.237999916,7.315748008
0.118000001,0.887000024,-0.00164,-0.00112,0.583999991,-6.388000011,5.527192053
0.077,0.859000027,-0.00168,0.000719998,0.159999996,-3.75999999,3.140696518
0.035,0.876999974,-0.0016,0.00148,-0.180000007,-1.430999994,1.058580589
-0.005,0.913999975,-0.0012,0.001200001,0.474000007,0.39199999,-0.116399282
-0.035,0.944000006,-0.00068,0.00076,0.556999981,1.386999965,-0.768161439
-0.052000001,0.963,-0.00024,0.000439999,0.592000008,1.585000038,-0.860427147
-0.057999998,0.973999977,0.0002,-0.00036,1.661999941,0.829999983,0.092688399
-0.052999999,0.964999974,0.00116,-0.001079998,3.671000004,-0.847000003,2.024581041
-0.024,0.938000023,0.0016,0.000279999,3.891000032,-3.640000105,4.078849503
0.016000001,0.944999993,0.00184,0.000640001,4.787000179,-6.221000195,6.374629778
0.061999999,0.961000025,0.00172,0.002,5.856999874,-10.03600025,9.795301729
0.104999997,1.011000037,0.00132,0.00184,7.897999763,-13.59000015,13.40094722
0.137999997,1.057000041,0.0008,0.001359997,8.623000145,-15.49800015,15.29072767
0.158000007,1.090999961,0.00024,-0.000119996,6.573999882,-14.83100033,14.16863751
0.164000005,1.088000059,0.00016,-0.002040005,4.138999939,-12.36100006,11.39741198
0.167999998,1.036999941,-0.00044,-0.003159997,1.717000008,-9.642999649,8.467914879
0.157000005,0.958000004,-0.00132,-0.002520001,1.633999944,-8.303999901,7.435532741
0.123999998,0.894999981,-0.00172,-0.00128,1.33099997,-6.518000126,5.872466486
0.081,0.862999976,-0.00168,0.00056,0.319000006,-4.045000076,3.43002052
0.039000001,0.876999974,-0.0016,0.001320002,-0.289000005,-1.590000033,1.150566054
-0.001,0.910000026,-0.00132,0.001279998,-0.165999994,0.170000002,-0.186812305
-0.034000002,0.941999972,-0.00064,0.000800002,0.270000011,1.330000043,-0.839520465
-0.050000001,0.962000012,-0.00028,0.00052,0.676999986,1.463000059,-0.746236725
-0.057,0.975000024,0.00016,-0.00036,1.845999956,0.986000001,0.058428843
-0.052999999,0.966000021,0.00112,-0.001160002,3.328999996,-0.734000027,1.813000281
-0.025,0.936999977,0.00516,0.002760003,4.356999874,-3.565000057,4.199924093
0.104000002,1.006000042,0.00144,0.001799998,7.43599987,-13.50399971,13.17836477
0.140000001,1.050999999,0.00076,0.001440001,8.800000191,-15.69400024,15.52263837
0.158999994,1.087000012,0.00028,-0.000120001,6.614999771,-15.38899994,14.64045664
0.165999994,1.083999991,0.00016,-0.001760001,4.471000195,-13.06200027,12.0890187
0.170000002,1.039999962,-0.0004,-0.003,1.468999982,-10.17399979,8.831196172
0.159999996,0.964999974,-0.00124,-0.002639999,1.177999973,-8.402999878,7.373994005
0.128999993,0.898999989,-0.00176,-0.001359999,-0.136999995,-6.752999783,5.61991203
0.085000001,0.86500001,-0.00164,0.00036,0.547999978,-4.274000168,3.700044211
0.044,0.874000013,-0.00168,0.00128,-0.136000007,-2.036999941,1.564824483
0.002,0.906000018,-0.00136,0.001359999,0.151999995,-0.009,0.061738742
-0.032000002,0.939999998,-0.00056,0.00072,0.155000001,1.286999941,-0.855791166
-0.046,0.958000004,-0.00032,0.000680001,0.583000004,1.651000023,-0.920950727
-0.054000001,0.975000024,0.00012,-0.000400002,2.417000055,0.912,0.330515836
-0.050999999,0.964999974,0.001,-0.00112,2.663000107,-0.601999998,1.459149736
-0.026000001,0.936999977,0.00164,0.000240002,3.923000097,-3.357000113,3.885915345
0.015,0.943000019,0.0018,0.000599999,4.342000008,-5.797999859,5.897054528
0.059999999,0.958000004,0.00176,0.001800001,6.072999954,-9.114999771,9.156264835
0.104000002,1.003000021,0.00148,0.00184,7.519999981,-13.00500011,12.81802933
0.141000003,1.049000025,0.00088,0.001560001,8.015999794,-15.48200035,15.0995115
0.163000003,1.088000059,0.0004,0.000119996,6.951000214,-15.28899956,14.69335841
0.172999993,1.090999961,0.00016,-0.00164,4.269999981,-13.39500046,12.33032932
0.177000001,1.049999952,-0.0004,-0.003199997,1.940000057,-10.49800015,9.268876398
0.166999996,0.970000029,-0.00132,-0.002840002,0.89200002,-8.883000374,7.707987601
0.134000003,0.898999989,-0.00168,-0.001559999,1.157999992,-6.894999981,6.162773578
0.092,0.860000014,-0.00152,0.000479999,0.291000009,-4.864999771,4.138010577
0.054000001,0.871999979,-0.00176,0.001240001,-0.270000011,-2.473999977,1.885878568
0.01,0.902999997,-0.00144,0.00148,0.310000002,-0.192000002,0.255979345
-0.026000001,0.939999998,-0.00064,0.000680001,-0.082000002,1.220999956,-0.90439588
-0.041999999,0.957000017,-0.00044,0.000679998,0.476000011,1.389000058,-0.78579921
-0.052999999,0.973999977,8.00E-05,-0.000239999,1.616000056,1.029999971,-0.068740244
-0.050999999,0.967999995,0.00096,-0.00112,2.342999935,-0.469999999,1.24374152
-0.027000001,0.939999998,0.00164,4.00E-05,3.279000044,-3.147000074,3.490146168
0.014,0.940999985,0.0018,0.00052,4.823999882,-5.553999901,5.890092876
0.059,0.953999996,0.0018,0.001760001,5.880000114,-9.029999733,9.025802252
0.104000002,0.998000026,0.00152,0.00184,6.698999882,-13.01299953,12.55471372
0.142000005,1.04400003,0.00096,0.001719999,8.194999695,-15.43799973,15.13445898
0.165999994,1.087000012,0.00036,0.0002,7.169000149,-15.62300015,15.05376314
0.174999997,1.092000008,0.00024,-0.001399999,4.681000233,-13.67099953,12.70023458
0.180999994,1.057000041,-0.00028,-0.002920001,2.227999926,-11.09700012,9.865596548
0.173999995,0.984000027,-0.00136,-0.003040001,0.843999982,-9.050000191,7.83392982
0.140000001,0.907999992,-0.0018,-0.001719999,0.996999979,-7.295000076,6.44942297
0.094999999,0.86500001,-0.00144,0.00036,0.524999976,-5.104000092,4.409851766
0.059,0.874000013,-0.0018,0.001239998,-0.280999988,-2.305999994,1.754566153
0.014,0.904999971,-0.00144,0.001240001,0.199000001,-0.430000007,0.396471309
-0.022,0.93599999,-0.00088,0.000840001,-0.002,1.167999983,-0.841132755
-0.044,0.957000017,-0.00036,0.000679998,0.279000014,1.445000052,-0.898807793
-0.052999999,0.973999977,0,-0.000239999,1.302999973,1.177999973,-0.293749244
-0.052999999,0.967999995,0.00096,-0.001040001,2.815000057,-0.270000011,1.292901234
-0.028999999,0.941999972,0.0016,-0.000159998,4.065999985,-2.993000031,3.676270442
0.011,0.938000023,0.00188,0.000479999,4.43599987,-5.335999966,5.582480647
0.057999998,0.949999988,0.0018,0.001719999,5.815000057,-8.593999863,8.668937554
0.103,0.992999971,0.00156,0.001759999,6.380000114,-12.85200024,12.32351348
0.142000005,1.036999941,0.00096,0.001800003,7.590000153,-15.41499996,14.92515043
0.165999994,1.082000017,0.0004,0.000240002,7.333000183,-15.73799992,15.20274699
0.175999999,1.088000059,0.0002,-0.001080003,5.087999821,-13.67800045,12.8451794
0.180999994,1.06099999,-0.0002,-0.002879999,1.906999946,-11.26000023,9.893623454
0.175999999,0.989000022,-0.00132,-0.003080001,0.796999991,-9.149999619,7.901675373
0.143000007,0.912,-0.00172,-0.001719999,0.880999982,-7.46600008,6.559234214
0.100000001,0.869000018,-0.00148,0.000319998,0.745999992,-5.495999813,4.813825351
0.063000001,0.876999974,-0.00156,0.001520002,-0.356999993,-2.605999947,1.973929827
0.024,0.915000021,-0.00148,0.001399999,-0.726999998,-0.504999995,0.125599082
-0.013,0.949999988,-0.0008,0.000800002,0.449999988,1.042000055,-0.583502087
-0.033,0.970000029,-0.00048,0.00076,0.617999971,1.567000031,-0.860973137
-0.045000002,0.989000022,8.00E-05,-0.0002,1.187999964,1.105999947,-0.292441229
-0.043000001,0.984000027,0.00084,-0.000960002,2.621000052,-0.068000004,1.077205249
-0.022,0.959999979,0.00136,-0.00076,3.154000044,-2.443000078,2.941694776
0.012,0.940999985,0.0018,0.00016,4.281000137,-5.068999767,5.3273078
0.057,0.944999993,0.0018,0.001560001,5.56099987,-8.015999794,8.137744396
0.101999998,0.984000027,0.0016,0.001919997,6.761000156,-12.17500019,11.9282938
0.142000005,1.031999946,0.001,0.001880002,7.445000172,-15.25899982,14.75894578
0.166999996,1.078999996,0.00044,0.000279999,7.425000191,-16.06699944,15.50787766
0.178000003,1.085999966,0.0002,-0.000839996,5.381000042,-14.18900013,13.37055867
0.182999998,1.065000057,-0.0002,-0.002680001,2.470000029,-11.57699966,10.33911495
0.178000003,0.998000026,-0.00112,-0.003080001,0.414999992,-9.454000473,8.028667354
0.150000006,0.921000004,-0.00168,-0.00188,0.499000013,-7.678999901,6.626938431
0.108000003,0.874000013,-0.00164,4.00E-05,0.823000014,-5.611999989,4.950333931
0.067000002,0.875,-0.00152,0.00148,-0.199000001,-3.01699996,2.368462418
0.028999999,0.912,-0.00144,0.001359999,-0.370999992,-0.75,0.442805891
-0.007,0.94599998,-0.00088,0.000840001,-0.736000001,0.933000028,-0.953103278
-0.028999999,0.967000008,-0.0006,0.000799999,0.54400003,1.317000031,-0.720148073
-0.044,0.986999989,4.00E-05,-8.00E-05,1.317000031,1.238000035,-0.334883553
-0.043000001,0.985000014,0.00072,-0.000800002,1.723999977,0.082999997,0.620646073
-0.025,0.964999974,0.00136,-0.00092,3.503000021,-2.355000019,3.010741003
0.009,0.941999972,0.00176,8.00E-05,3.796999931,-4.894000053,5.013629083
0.052999999,0.944000006,0.0018,0.001440001,5.020999908,-8.097999573,8.000287342
0.097999997,0.980000019,0.00156,0.001879997,6.104000092,-11.96800041,11.53013606
0.136999995,1.02699995,0.00116,0.001960001,7.662000179,-15.07199955,14.65771427
0.165999994,1.075999975,0.00048,0.000480003,7.736999989,-16.10300064,15.63448486
0.178000003,1.088000059,0.00024,-0.00072,5.422999859,-14.59799957,13.7184692
0.184,1.070000052,-0.00016,-0.002440004,2.505000114,-11.78800011,10.52412972
0.180000007,1.008999944,-0.00108,-0.003119998,0.317000002,-9.637000084,8.137687814
0.152999997,0.930999994,-0.0016,-0.001759999,0.866999984,-7.848999977,6.868747855
0.112999998,0.887000024,-0.00156,-0.00036,0.660000026,-5.765999794,5.01305033
0.074000001,0.878000021,-0.00164,0.001239998,-0.460000008,-3.239000082,2.473447982
0.033,0.908999979,-0.00148,0.00132,-0.268000007,-0.949999988,0.636486251
-0.004,0.941999972,-0.00092,0.00092,-0.465000004,0.796999991,-0.755033038
-0.027000001,0.964999974,-0.0006,0.000880001,0.405000001,1.424999952,-0.853123464
-0.041999999,0.986999989,-4.00E-05,0,1.404000044,1.333999991,-0.369834061
-0.043000001,0.986999989,0.0006,-0.000679998,1.605999947,0.150999993,0.527988253
-0.028000001,0.970000029,0.00128,-0.001040001,3.713000059,-2.075999975,2.893711447
0.004,0.944000006,0.00172,0,3.693000078,-4.540999889,4.703097279
0.046999998,0.944000006,0.0018,0.001399999,4.491000175,-7.44299984,7.289268673
0.092,0.978999972,0.00164,0.001960001,6.102000237,-11.60999966,11.21781414
0.133000001,1.027999997,0.0012,0.001919999,7.638000011,-14.68700027,14.3157807
0.163000003,1.075999975,0.00052,0.000640001,7.475999832,-15.85400009,15.32926362
0.175999999,1.092000008,0.00028,-0.000599999,5.663000107,-14.85000038,13.98891871
0.182999998,1.077000022,-8.00E-05,-0.002400002,2.779999971,-12.14000034,10.88880129
0.180999994,1.01699996,-0.001,-0.003239999,1.070000052,-9.593000412,8.321938409
0.156000003,0.93599999,-0.0016,-0.00168,0.75,-7.96600008,6.931314477
0.115999997,0.893999994,-0.00168,-0.000639999,0.841000021,-5.711999893,5.01938816
0.074000001,0.878000021,-0.0016,0.00128,0.108999997,-3.22300005,2.648464124
0.034000002,0.910000026,-0.00144,0.001239998,0.275999993,-0.989000022,0.857713544
-0.002,0.940999985,-0.00092,0.00092,-0.148000002,0.680999994,-0.553804106
-0.025,0.963999987,-0.00044,0.00076,-0.270999998,1.440000057,-1.125220286
-0.035999998,0.98299998,-0.00024,0.000240002,0.722000003,1.230999947,-0.575685269
-0.041999999,0.989000022,0.0006,-0.000680001,2.088000059,0.342000008,0.585864689
-0.027000001,0.972000003,0.0012,-0.001159999,2.74000001,-1.848999977,2.359671142
0.003,0.943000019,0.00172,-0.000120001,3.572000027,-4.518000126,4.640333389
0.046,0.939999998,0.0018,0.00132,4.024000168,-6.972000122,6.766262906
0.090999998,0.97299999,0.00164,0.001759999,6.013999939,-11.24699974,10.90883702
0.131999999,1.01699996,0.00124,0.001960001,7.722000122,-14.54100037,14.23780371
0.163000003,1.065999985,0.00064,0.00092,7.750999928,-15.91899967,15.47831343
0.179000005,1.088999987,0.00024,-0.000440001,6.329999924,-14.9119997,14.27335129
0.185000002,1.077999949,-8.00E-05,-0.002199998,2.907000065,-12.44699955,11.19260078
0.182999998,1.023000002,-0.00084,-0.003280001,-0.055,-9.732000351,8.089513181
0.162,0.940999985,-0.00156,-0.00188,0.199000001,-8.354000092,7.104479095
0.123000003,0.893999994,-0.00176,-0.00076,-0.122000001,-6.020999908,4.999806603
0.079000004,0.875,-0.0016,0.00112,0.273999989,-3.967000008,3.324496112
0.039000001,0.902999997,-0.00148,0.001440001,-0.648999989,-1.279000044,0.766258232
0.002,0.93900001,-0.00088,0.000880001,-0.101000004,0.550999999,-0.442920684
-0.02,0.961000025,-0.00044,0.000719998,0.246999994,1.100000024,-0.691421835
-0.030999999,0.978999972,-0.00036,0.00052,0.356000006,1.136000037,-0.658596862
-0.039999999,0.991999984,0.00048,-0.00076,1.254999995,0.363999993,0.242249529
-0.028000001,0.97299999,0.00468,-4.00E-05,3.444000006,-1.753000021,2.563032842
0.089000002,0.972000003,0.0016,0.001719999,5.769000053,-10.75599957,10.43103673
0.128999993,1.014999986,0.00128,0.001960001,7.449999809,-14.26799965,13.91515889
0.160999998,1.06400001,0.00072,0.000999999,7.035999775,-16.11700058,15.39648315
0.179000005,1.088999987,0.00024,-0.000320001,6.618999958,-15.14900017,14.56084339
0.185000002,1.08099997,-4.00E-05,-0.00204,3.073999882,-12.71399975,11.46305053
0.184,1.029999971,-0.00072,-0.003399999,0.349999994,-10.01900005,8.445414149
0.165999994,0.944999993,-0.00156,-0.002,0.416000009,-8.529999733,7.327447347
0.127000004,0.894999981,-0.00172,-0.00076,0.93900001,-6.282000065,5.563229415
0.083999999,0.875999987,-0.00152,0.000880001,0.028000001,-4.027999878,3.305662246
0.046,0.898000002,-0.00152,0.001400001,-0.056000002,-1.59800005,1.231137015
0.008,0.933000028,-0.00096,0.00112,-0.310000002,0.206,-0.266002163
-0.016000001,0.961000025,-0.00044,0.00056,-0.158000007,0.976000011,-0.759507638
-0.027000001,0.975000024,-0.0004,0.000679998,0.862999976,0.908999979,-0.308378542
-0.037,0.991999984,0.00032,-0.00072,1.409000039,0.497000009,0.208229409
-0.028999999,0.973999977,0.00116,-0.001239998,2.234999895,-1.577999949,1.973425337
0,0.943000019,0.00156,-0.000120001,4.214000225,-4.076000214,4.547174515
0.039000001,0.939999998,0.00184,0.001240001,4.380000114,-6.623000145,6.602663476
0.085000001,0.971000016,0.00164,0.001720002,5.315000057,-10.47700024,10.03987549
0.126000002,1.014000058,0.00128,0.001879997,7.217000008,-14.17800045,13.75050022
0.158000007,1.06099999,0.00076,0.001160002,7.735000134,-15.6960001,15.26698943
0.177000001,1.090000033,0.00024,-0.000240002,6.480000019,-15.60400009,14.87727207
0.182999998,1.083999991,8.00E-05,-0.00184,3.50999999,-12.87899971,11.72387426
0.185000002,1.037999988,-0.00064,-0.00352,1.574000001,-10.34300041,9.08524946
0.169,0.949999988,-0.00148,-0.002159998,1.029000044,-8.937000275,7.857696135
0.131999999,0.896000028,-0.00172,-0.000800002,-0.476000011,-6.572000027,5.384205179
0.089000002,0.875999987,-0.00144,0.000640001,0.041999999,-4.105000019,3.387311902
0.052999999,0.89200002,-0.00152,0.00148,0.142000005,-1.789000034,1.461425623
0.015,0.92900002,-0.0012,0.001199999,-0.748000026,-0.028000001,-0.24922548
-0.015,0.958999991,-0.00036,0.00052,-0.196999997,1.059999943,-0.835695284
-0.024,0.972000003,-0.0004,0.000680001,0.141000003,0.995000005,-0.650492103
-0.034000002,0.989000022,0.00016,-0.000600002,1.491999984,0.595000029,0.168540049
-0.029999999,0.973999977,0.00112,-0.001199999,2.296999931,-1.330000043,1.822624125
-0.002,0.944000006,0.00148,-8.00E-05,3.127000093,-3.836999893,3.966443146
0.035,0.941999972,0.00184,0.00108,4.208000183,-6.548999786,6.470645824
0.081,0.968999982,0.00168,0.001719999,5.600999832,-9.890000343,9.66301475
0.123000003,1.011999965,0.00132,0.00184,6.737999916,-13.43900013,12.98656377
0.156000003,1.057999969,0.00084,0.00132,7.353000164,-15.77900028,15.20058403
0.177000001,1.090999961,0.00028,-0.000239997,6.964000225,-15.73200035,15.13817597
0.184,1.085000038,4.00E-05,-0.001600003,3.779999971,-13.49300003,12.32064811
0.185000002,1.044999957,-0.00056,-0.003479998,1.055999994,-10.70899963,9.216771526
0.171000004,0.958000004,-0.00144,-0.0024,1.054999948,-8.88599968,7.810481461
0.135000005,0.898000002,-0.00164,-0.000680001,0.449999988,-6.860000134,5.920939227
0.093999997,0.880999982,-0.00144,0.0004,0.185000002,-4.468999863,3.737952915
0.057999998,0.890999973,-0.00156,0.001440001,-0.037999999,-2.230000019,1.75732739
0.018999999,0.926999986,-0.00124,0.00128,-0.697000027,-0.101000004,-0.174472987
-0.012,0.958999991,-0.00032,0.00036,-0.372000009,0.80400002,-0.719351606
-0.02,0.967999995,-0.00044,0.000680001,-0.025,1,-0.721645043
-0.030999999,0.985000014,0,-0.000320001,0.967000008,0.740999997,-0.142528278
-0.030999999,0.976999998,0.00108,-0.001240001,2.661000013,-1.177000046,1.856503387
-0.004,0.94599998,0.00144,-0.00016,2.996000052,-3.542000055,3.698041493
0.032000002,0.941999972,0.00188,0.000880001,4.210999966,-6.369999886,6.327070314
0.079000004,0.963999987,0.00172,0.001799998,4.684000015,-9.730999947,9.224555069
0.122000001,1.008999944,0.00132,0.001800003,7.625,-13.2329998,13.11679304
0.155000001,1.05400002,0.00096,0.001440001,8.048999786,-15.85400009,15.48682148
0.179000005,1.090000033,0.00028,-0.0002,6.670000076,-15.89000034,15.18487905
0.186000004,1.085000038,8.00E-05,-0.001360002,4.039999962,-13.6619997,12.55443341
0.187999994,1.050999999,-0.00044,-0.003239999,1.457999945,-11.02299976,9.609755674
0.177000001,0.970000029,-0.00144,-0.002680001,1.008999944,-9.145999908,8.013717185
0.141000003,0.902999997,-0.00152,-0.000599999,0.167999998,-7.188000202,6.12238118
0.103,0.888000011,-0.00152,4.00E-05,-0.214000002,-4.907999992,3.985769405
0.064999998,0.888999999,-0.0016,0.001359999,-0.476999998,-2.421999931,1.776474046
0.025,0.922999978,-0.0014,0.00132,-0.735000014,0.006,-0.266523897
-0.01,0.95599997,-0.00032,0.000400002,-0.657999992,0.873000026,-0.877959133
-0.017999999,0.966000021,-0.00044,0.000639999,-0.203999996,0.871999979,-0.700288501
-0.028999999,0.981999993,-0.00012,-4.00E-05,1.003000021,0.644999981,-0.064084323
-0.032000002,0.981000006,0.001,-0.00128,2.217000008,-0.925999999,1.509451226
-0.007,0.949000001,0.00144,-0.000320001,2.983999968,-3.391000032,3.5779125
0.028999999,0.940999985,0.00188,0.000800002,4.022999763,-5.915999889,5.909245692
0.075999998,0.961000025,0.00176,0.001800001,4.390999794,-9.343000412,8.812583259
0.119999997,1.006000042,0.00136,0.00184,7.166999817,-12.93500042,12.72084344
0.153999999,1.052000046,0.001,0.00152,7.947999954,-15.48400021,15.15007352
0.179000005,1.090000033,0.00024,-0.000160003,6.869999886,-16.25300026,15.5471098
0.185000002,1.085999966,0.0002,-0.001079998,4.427000046,-13.97900009,12.93242525
0.189999998,1.059000015,-0.00032,-0.003,1.735000014,-11.23099995,9.868134423
0.181999996,0.984000027,-0.0014,-0.002840002,0.746999979,-9.31099987,8.063545367
0.147,0.912999988,-0.0016,-0.000880001,0.469999999,-7.540999889,6.511006968
0.107000001,0.890999973,-0.00156,-4.00E-05,0.174999997,-4.93599987,4.140303951
0.068000004,0.889999986,-0.0016,0.001240001,-0.282000005,-2.657999992,2.035367988
0.028000001,0.921000004,-0.00144,0.001359999,-0.846000016,-0.563000023,0.128236027
-0.008,0.954999983,-0.0004,0.0004,-0.50999999,1.101999998,-0.989332111
-0.017999999,0.964999974,-0.0004,0.000640001,-0.115999997,1.077999949,-0.814176516
-0.028000001,0.981000006,-0.00024,0.00016,0.751999974,0.653999984,-0.168746727
-0.034000002,0.985000014,0.00092,-0.001200001,2.480000019,-0.606000006,1.389968557
-0.011,0.954999983,0.0014,-0.00052,2.948999882,-3.217000008,3.431165062
0.024,0.941999972,0.00188,0.000440001,3.834000111,-5.679999828,5.649212699
0.071000002,0.953000009,0.00188,0.001920002,5.106999874,-9.008000374,8.790436158
0.118000001,1.001000047,0.00144,0.00184,6.073999882,-12.71000004,12.17528601
0.153999999,1.047000051,0.001,0.00164,7.782000065,-15.54300022,15.14921228
0.179000005,1.088000059,0.00032,-0.000120001,6.951000214,-16.14299965,15.48371831
0.187000006,1.085000038,0.00024,-0.000880003,4.697999954,-14.41300011,13.38906558
0.193000004,1.062999964,-0.00032,-0.002839999,1.917000055,-11.63799953,10.27428757
0.185000002,0.991999984,-0.00124,-0.0028,0.504999995,-9.616999626,8.244037802
0.153999999,0.921999991,-0.00168,-0.001039999,0.232999995,-7.538000107,6.441973838
0.112000003,0.896000028,-0.00156,-4.00E-05,-0.368000001,-5.34100008,4.30884553
0.072999999,0.894999981,-0.0016,0.00092,-0.250999987,-2.983999968,2.311494509
0.033,0.917999983,-0.00156,0.001360002,-0.653999984,-0.888999999,0.450209578
-0.006,0.952000022,-0.00052,0.000479999,0.202999994,0.971000016,-0.629880531
-0.018999999,0.963999987,-0.00036,0.000640001,-0.208000004,0.935000002,-0.746583671
-0.028000001,0.980000019,-0.00032,0.00036,0.824999988,0.691999972,-0.167537342
-0.035999998,0.989000022,0.00084,-0.001160002,2.427999973,-0.289999992,1.152301647
-0.015,0.959999979,0.0014,-0.000799999,2.917999983,-2.849999905,3.14926835
0.02,0.939999998,0.00188,0.000320001,4.073999882,-5.423999786,5.53571839
0.067000002,0.948000014,0.00188,0.001919999,5.163000107,-8.465000153,8.379268817
0.114,0.995999992,0.00156,0.001840003,5.698999882,-12.79599953,12.10642161
0.152999997,1.042000055,0.00104,0.001719999,7.423999786,-15.6260004,15.10054439
0.179000005,1.085000038,0.00032,4.00E-05,7.284999847,-16.26199913,15.69002885
0.187000006,1.085999966,0.00024,-0.000799999,4.875999928,-14.50599957,13.52164524
0.193000004,1.065999985,-0.0002,-0.002519999,2.240999937,-11.8039999,10.50919385
0.187999994,1.003000021,-0.00132,-0.002920001,0.731000006,-9.678999901,8.354921983
0.155000001,0.930000007,-0.00152,-0.00108,-0.003,-7.678999901,6.470994929
0.116999999,0.902999997,-0.00156,-4.00E-05,-0.684000015,-5.399000168,4.259162077
0.078000002,0.90200001,-0.00164,0.000599999,-0.449000001,-3.309000015,2.508845613
0.037,0.916999996,-0.0016,0.00132,-0.944000006,-0.981999993,0.423931594
-0.003,0.949999988,-0.00052,0.00052,-0.463999987,0.98299998,-0.889596249
-0.016000001,0.963,-0.00036,0.00056,-0.275000006,0.862999976,-0.722453728
-0.025,0.976999998,-0.00032,0.00056,0.876999974,0.670000017,-0.135410924
-0.033,0.990999997,0.00068,-0.001040001,1.942999959,-0.184,0.887705101
-0.016000001,0.964999974,0.00128,-0.001079998,2.752000093,-2.486000061,2.823765241
0.016000001,0.938000023,0.00192,0.000279999,3.97300005,-5.118999958,5.263638439
0.064000003,0.944999993,0.00192,0.001919999,5.05700016,-7.880000114,7.881162899
0.112000003,0.992999971,0.00152,0.001920002,5.56099987,-11.88700008,11.33079078
0.150000006,1.041000009,0.001,0.00164,6.68900013,-15.07800007,14.3999467
0.174999997,1.082000017,0.0004,0.0002,7.039000034,-16.1989994,15.53684308
0.185000002,1.087000012,0.00024,-0.000679998,5.491000175,-14.65799999,13.83046028
0.191,1.070000052,-8.00E-05,-0.002440004,2.631999969,-12.15299988,10.90506409
0.188999996,1.008999944,-0.0012,-0.002919998,-0.116999999,-9.81400013,8.202999043
0.158999994,0.93599999,-0.00152,-0.00132,-0.363999993,-7.815000057,6.477746049
0.120999999,0.902999997,-0.00156,-4.00E-05,0.289999992,-5.531000137,4.691703804
0.082000002,0.90200001,-0.00164,0.000439999,-0.79400003,-3.325000048,2.41728904
0.041000001,0.912999988,-0.00164,0.00128,-0.231999993,-1.078999996,0.753473357
0,0.944999993,-0.00064,0.000680001,-0.629000008,0.680999994,-0.731830119
-0.016000001,0.962000012,-0.00028,0.00052,-0.298000008,1.06099999,-0.873231695
-0.023,0.975000024,-0.00028,0.000639999,0.221000001,0.654999971,-0.37898083
-0.029999999,0.990999997,0.00052,-0.00096,1.493999958,0.006,0.578111635
-0.017000001,0.967000008,0.0012,-0.001200001,2.938999891,-2.301000118,2.761630612
0.013,0.936999977,0.00184,0.000120001,3.506999969,-5.098999977,5.073580226
0.059,0.939999998,0.00196,0.002,4.415999889,-7.736999989,7.538938836
0.108000003,0.99000001,0.00152,0.001960001,6.327000141,-11.44299984,11.21953582
0.145999998,1.039000034,0.00104,0.001679997,6.721000195,-14.99699974,14.32353276
0.172000006,1.08099997,0.00048,0.000360003,7.123000145,-16.30200005,15.63059647
0.184,1.090000033,0.00024,-0.000599999,5.901000023,-15.03800011,14.26710559
0.189999998,1.075000048,-4.00E-05,-0.002360001,2.950000048,-12.53100014,11.30701454
0.188999996,1.016000032,-0.00108,-0.003000002,-0.123000003,-9.923999786,8.277728863
0.162,0.940999985,-0.00156,-0.00152,0.02,-8.31799984,7.019595371
0.123000003,0.902999997,-0.0016,-4.00E-05,0.442000002,-5.734000206,4.915638595
0.082999997,0.90200001,-0.0016,0.00036,-0.538999975,-3.631000042,2.751062523
0.043000001,0.911000013,-0.00156,0.001199999,-0.192000002,-1.228999972,0.886267103
0.004,0.940999985,-0.00076,0.00076,-0.319999993,0.611999989,-0.568811473
-0.015,0.959999979,-0.00012,0.000320001,0.008,0.776000023,-0.554059158
-0.017999999,0.967999995,-0.00032,0.000799999,0.711000025,0.637000024,-0.183841535
-0.026000001,0.987999976,0.00036,-0.000839999,1.149000049,0.079999998,0.389214485
-0.017000001,0.967000008,0.00112,-0.001200001,2.464999914,-2.071000099,2.41706702
0.011,0.936999977,0.00172,4.00E-05,4.249000072,-4.768000126,5.092859721
0.054000001,0.938000023,0.00188,0.00184,4.205999851,-7.316999912,7.12607316
0.101000004,0.984000027,0.0016,0.00188,5.493000031,-11.02400017,10.58396163
0.141000003,1.031000018,0.00108,0.00184,7.109000206,-14.47999954,14.01573317
0.167999998,1.077000022,0.00056,0.00052,7.524000168,-16.11300087,15.58454217
0.181999996,1.090000033,0.00024,-0.000440001,6.347000122,-15.12300015,14.46848784
0.187999994,1.078999996,-4.00E-05,-0.002280002,3.051000118,-12.57299995,11.35830231
0.187000006,1.021999955,-0.000840001,-0.003119998,1.011000037,-10.02600002,8.686352318
0.165999994,0.944000006,-0.00152,-0.001600001,0.291000009,-8.31400013,7.109939535
0.128000006,0.903999984,-0.00156,0,-0.542999983,-5.96600008,4.816562646
0.089000002,0.903999984,-0.0016,0.00036,-0.245000005,-3.503999949,2.757852741
0.048999999,0.912999988,-0.00148,0.00092,-0.223000005,-1.613000035,1.179370129
0.012,0.93599999,-0.00096,0.001000001,-0.465000004,0.246999994,-0.353006841
-0.012,0.961000025,-8.00E-05,8.00E-05,-0.495000005,0.703000009,-0.692754061
-0.014,0.963,-0.00036,0.00072,0.082000002,0.340000004,-0.213043134
-0.023,0.981000006,0.00024,-0.00056,1.177999973,0.137999997,0.356198354
-0.017000001,0.967000008,0.00104,-0.001159999,1.868999958,-1.847000003,2.030407857
0.009,0.938000023,0.00164,-4.00E-05,4.118000031,-4.418000221,4.780904497
0.050000001,0.936999977,0.0018,0.001720002,3.812999964,-7.339000225,6.993500741
0.094999999,0.980000019,0.00152,0.001879997,5.171999931,-10.44200039,9.994043459
0.133000001,1.02699995,0.0012,0.00184,7.157999992,-14.31200027,13.85725812
0.163000003,1.072999954,0.00056,0.000680003,7.631000042,-15.98700047,15.48974203
0.177000001,1.090000033,0.00036,-0.000360003,6.447999954,-15.4090004,14.70717417
0.186000004,1.08099997,0,-0.00224,3.196000099,-12.68599987,11.48438666
0.186000004,1.024999976,-0.00072,-0.003079998,0.931999981,-10.21199989,8.806260303
0.167999998,0.948000014,-0.00152,-0.001760001,-0.519999981,-8.484000206,7.00631417
0.129999995,0.903999984,-0.00144,0,0.26699999,-6.181000233,5.25761414
0.093999997,0.903999984,-0.00156,0.000480001,-0.721000016,-3.770999908,2.831843088
0.055,0.916000009,-0.00144,0.000599999,-0.442999989,-1.876000047,1.314861206
0.018999999,0.930999994,-0.00112,0.00112,-0.501999974,-0.089000002,-0.113900723
-0.009,0.958999991,-0.00016,0.00016,-0.041999999,0.876999974,-0.649487556
-0.013,0.963,-0.00032,0.000599999,0.247999996,0.48300001,-0.253342426
-0.021,0.977999985,0.00012,-0.0004,0.76700002,0.052999999,0.256826182
-0.017999999,0.967999995,0.00096,-0.00112,2.338000059,-1.549000025,1.995546941
0.006,0.939999998,0.00148,-8.00E-05,3.296000004,-4.245999813,4.346186348
0.043000001,0.938000023,0.00176,0.00168,3.948999882,-6.916999817,6.690686105
0.086999997,0.980000019,0.00156,0.001799998,5.315000057,-10.27000046,9.870357538
0.126000002,1.024999976,0.0012,0.001719999,6.953000069,-14.15200043,13.62394341
0.156000003,1.067999959,0.00068,0.000840001,7.242000103,-15.74100018,15.12463
0.172999993,1.088999987,0.00032,-0.0002,6.869999886,-15.68200016,15.04429293
0.180999994,1.083999991,0.00012,-0.002080002,3.778000116,-13.02099991,11.91505182
0.184,1.031999946,-0.00068,-0.003119998,1.417999983,-10.49400043,9.167404249
0.166999996,0.953999996,-0.00148,-0.00188,0.293000013,-8.696000099,7.409819805
0.129999995,0.907000005,-0.0014,-0.000120001,0.163000003,-6.427999973,5.424173321
0.094999999,0.903999984,-0.00144,0.000440001,-0.509000003,-4.139999866,3.204238187
0.059,0.915000021,-0.00136,0.000439999,-0.63499999,-1.922000051,1.29197477
0.025,0.925999999,-0.00124,0.001199999,-0.333000004,-0.169,0.009115458
-0.006,0.95599997,-0.00024,0.000240002,-0.416999996,0.839999974,-0.765475836
-0.012,0.962000012,-0.00024,0.000479999,0.052000001,0.388999999,-0.260291115
-0.017999999,0.973999977,8.00E-05,-0.0002,1.069000006,0.064999998,0.361999924
-0.016000001,0.968999982,0.00084,-0.00112,2.773999929,-1.730000019,2.291335549
0.005,0.940999985,0.00136,-8.00E-05,3.385999918,-3.941999912,4.152312661
0.039000001,0.93900001,0.00172,0.001559999,4.017000198,-6.356999874,6.272518166
0.082000002,0.977999985,0.00152,0.001800001,5.267000198,-9.798000336,9.465507309
0.119999997,1.023000002,0.00124,0.001680002,6.698999882,-13.43299961,12.93494912
0.150999993,1.065000057,0.00072,0.00092,8.059000015,-15.8210001,15.43111744
0.169,1.088000059,0.00036,-0.000200005,6.96600008,-15.56299973,14.9555551
0.178000003,1.082999945,0.00016,-0.001879997,4.340000153,-13.28100014,12.29273082
0.181999996,1.036000013,-0.00052,-0.003,2.230000019,-10.84899998,9.697011023
0.169,0.961000025,-0.00144,-0.002,0.985000014,-8.887999535,7.773284163
0.133000001,0.911000013,-0.00136,-0.000240002,0.326999992,-6.585000038,5.60865954
0.098999999,0.904999971,-0.00128,0.00036,-0.448000014,-4.149000168,3.2415937
0.067000002,0.913999975,-0.00148,0.000400002,-0.930999994,-2.265000105,1.476490837
0.029999999,0.924000025,-0.00132,0.001159999,-0.449999988,-0.540000021,0.251614961
-0.003,0.953000009,-0.00032,0.000320001,0.118000001,0.926999986,-0.631520415
-0.011,0.961000025,-0.00012,0.000319998,0.354000002,0.583000004,-0.286704004
-0.014,0.968999982,-4.00E-05,-8.00E-05,0.58099997,-0.033,0.244112466
-0.015,0.967000008,0.00088,-0.00108,2.109999895,-1.799999952,2.089554423
0.007,0.939999998,0.00124,-0.000120001,3.476999998,-3.826999903,4.104381044
0.037999999,0.936999977,0.0016,0.00148,3.914999962,-6.538000107,6.374170875
0.078000002,0.973999977,0.00156,0.001760001,5.06400013,-9.244000435,8.952731747
0.116999999,1.018000007,0.00116,0.001599998,6.624000072,-13.06599998,12.60899848
0.145999998,1.057999969,0.00072,0.00112,7.09100008,-15.44900036,14.7871521
0.164000005,1.085999966,0.00032,-0.0002,7.368999958,-15.89000034,15.32502353
0.172000006,1.08099997,0.0002,-0.001760001,4.664000034,-13.49800015,12.54273891
0.177000001,1.036999941,-0.00036,-0.002799997,1.692999959,-11.0170002,9.639770958
0.167999998,0.967000008,-0.00128,-0.00204,0.787999988,-8.94299984,7.738858184
0.136000007,0.916000009,-0.00136,-0.000320001,0.158000007,-6.867000103,5.79136418
0.101999998,0.907999992,-0.0012,0.000239999,-0.79400003,-4.460000038,3.38731127
0.071999997,0.913999975,-0.00148,0.00036,-0.560000002,-2.438999891,1.749374354
0.035,0.922999978,-0.00136,0.00108,-0.460000008,-0.694999993,0.369780694
0.001,0.949999988,-0.0004,0.000440001,-0.577000022,0.68900001,-0.718297543
-0.009,0.961000025,-0.00012,0.0002,0.226999998,0.52700001,-0.295150395
-0.012,0.966000021,-0.0002,0.0002,0.757000029,0.177000001,0.159081638
-0.017000001,0.971000016,0.00084,-0.001160002,2.072000027,-1.460000038,1.83119166
0.004,0.941999972,0.0012,-0.000119998,2.98300004,-3.638000011,3.777906218
0.034000002,0.93900001,0.0016,0.001359999,3.806999922,-5.636000156,5.635358365
0.074000001,0.97299999,0.0016,0.001720002,4.217999935,-8.704999924,8.225898516
0.114,1.016000032,0.0012,0.001479998,6.535999775,-13.1079998,12.59941174
0.143999994,1.052999973,0.000840001,0.001280003,7.395999908,-15.375,14.82152392
0.165000007,1.085000038,0.00036,-4.00E-05,7.380000114,-15.88500023,15.33074753
0.173999995,1.083999991,0.0002,-0.001599998,5.083000183,-13.99400043,13.093268
0.179000005,1.04400003,-0.00032,-0.002880001,2.094000101,-11.15499973,9.879187842
0.171000004,0.972000003,-0.0012,-0.002160001,0.850000024,-9.227999687,7.999119416
0.141000003,0.917999983,-0.00128,-0.00036,0.495999992,-7.198999882,6.190670815
0.108999997,0.908999979,-0.00124,0.000320001,-0.954999983,-4.837999821,3.667081298
0.078000002,0.916999996,-0.00156,0.00052,-0.813000023,-2.588000059,1.79180316
0.039000001,0.930000007,-0.00144,0.000680001,-0.57099998,-0.746999979,0.37097078
0.003,0.947000027,-0.00048,0.000519998,-0.282999992,0.58099997,-0.531316679
-0.009,0.959999979,-8.00E-05,0.00016,0.097000003,0.526000023,-0.343477988
-0.011,0.963999987,-0.00028,0.000480001,0.806999981,0.170000002,0.1821944
-0.017999999,0.976000011,0.0008,-0.00128,2.068000078,-1.315000057,1.726416218
0.002,0.944000006,0.0012,-0.000239999,2.562999964,-3.467000008,3.493160258
0.032000002,0.938000023,0.00164,0.001199999,3.739000082,-5.551000118,5.54264197
0.072999999,0.967999995,0.00156,0.001759999,4.058000088,-8.270999908,7.836941116
0.112000003,1.011999965,0.00132,0.00152,6.715000153,-12.60200024,12.25416668
0.144999996,1.049999952,0.00088,0.001400003,7.118999958,-15.13000011,14.54177961
0.166999996,1.085000038,0.00044,4.00E-05,7.275000095,-15.8920002,15.31379779
0.178000003,1.085999966,0.0002,-0.001359997,5.263999939,-14.11699963,13.27384714
0.182999998,1.052000046,-0.00024,-0.002880001,2.282999992,-11.58100033,10.30075722
0.177000001,0.980000019,-0.0012,-0.002280002,1.093000054,-9.496999741,8.309360845
0.147,0.922999978,-0.00132,-0.000519998,0.661000013,-7.479000092,6.489392985
0.114,0.910000026,-0.00124,0.000319998,-0.405000001,-4.854000092,3.871857377
0.082999997,0.917999983,-0.00144,0.00076,-0.501999974,-2.894999981,2.150564575
0.046999998,0.936999977,-0.00176,0.000400002,-0.699999988,-0.899999976,0.447005432
0.003,0.947000027,-0.00044,0.000479999,-0.335000008,0.515999973,-0.502744492
-0.008,0.958999991,-8.00E-05,0.00016,0.148000002,0.708999991,-0.457287275
-0.01,0.963,-0.0004,0.000680001,0.588999987,0.177000001,0.094375683
-0.02,0.980000019,0.0008,-0.001360002,1.557999969,-0.731000006,1.116463007
0,0.94599998,0.0012,-0.00036,2.392999887,-3.201999903,3.231795499
0.029999999,0.936999977,0.00156,0.000880001,3.558000088,-5.638000011,5.539923808
0.068999998,0.958999991,0.0016,0.00184,3.888000011,-8.479999542,7.939505805
0.108999997,1.004999995,0.0014,0.00164,5.627999783,-11.94400024,11.36133145
0.143999994,1.046000004,0.00092,0.00152,7.881000042,-14.96000004,14.65489349
0.166999996,1.083999991,0.00044,8.00E-05,7.335999966,-15.96700001,15.39515682
0.178000003,1.085999966,0.00028,-0.001079998,5.453999996,-14.53100014,13.67458561
0.185000002,1.059000015,-0.00016,-0.00276,2.924999952,-12.03800011,10.88176913
0.180999994,0.99000001,-0.00372,-0.002920001,0.994000018,-9.630999565,8.388004878
0.088,0.916999996,-0.00144,0.000680001,-1.263000011,-3.263999939,2.207302461
0.052000001,0.934000015,-0.00176,0.000279999,-0.991999984,-1.25999999,0.629665476
0.008,0.940999985,-0.00068,0.00072,-0.145999998,0.467999995,-0.399848849
-0.009,0.958999991,0,8.00E-05,-0.526000023,0.644999981,-0.663683079
-0.009,0.961000025,-0.00048,0.000719998,0.722000003,0.184,0.138670969
-0.021,0.978999972,0.00068,-0.001239998,1.120000005,-0.412999988,0.722795743
-0.004,0.948000014,0.00116,-0.00052,2.411000013,-2.818000078,2.951588114
0.025,0.935000002,0.00164,0.00056,3.424000025,-5.47300005,5.356278873
0.066,0.949000001,0.00176,0.001919999,4.645999908,-8.027000427,7.85428798
0.109999999,0.996999979,0.0014,0.001719999,5.774000168,-11.9460001,11.43120956
0.144999996,1.039999962,0.00096,0.001600003,7.652999878,-14.86600018,14.51635744
0.169,1.080000043,0.00056,0.000159998,7.446000099,-16.15800095,15.6002297
0.182999998,1.083999991,0.00028,-0.00072,5.834000111,-14.80000019,14.04714897
0.189999998,1.065999985,-0.00012,-0.002480001,2.872999907,-12.49400043,11.26244313
0.187000006,1.003999949,-0.00116,-0.002599998,-0.013,-9.852999687,8.267643997
0.158000007,0.93900001,-0.00136,-0.00112,0.023,-7.936999798,6.685496698
0.123999998,0.911000013,-0.00132,0.0002,-0.333999991,-5.480999947,4.446225386
0.090999998,0.916000009,-0.0014,0.000599999,-0.843999982,-3.424000025,2.484079055
0.056000002,0.930999994,-0.00184,0.000280001,-1.225999951,-1.361999989,0.634821371
0.01,0.938000023,-0.00076,0.000799999,-0.598999977,0.206,-0.371436609
-0.009,0.958000004,-4.00E-05,0.000120001,-0.524999976,0.519999981,-0.573024285
-0.01,0.961000025,-0.00044,0.000719998,0.287,0.159999996,-0.007369975
-0.021,0.978999972,0.00056,-0.00096,1.52699995,-0.419,0.883348148
-0.007,0.954999983,0.00108,-0.000799999,2.823999882,-2.680999994,3.000847447
0.02,0.935000002,0.00172,0.000279999,3.325999975,-5.400000095,5.252901481
0.063000001,0.941999972,0.0018,0.001960001,3.640000105,-7.605000019,7.17926294
0.108000003,0.990999997,0.00148,0.001800001,5.602000237,-11.44299984,10.97453186
0.144999996,1.036000013,0.00104,0.001719999,7.419000149,-14.69900036,14.30980613
0.171000004,1.078999996,0.00052,0.000320001,7.078000069,-16.4260006,15.71239434
0.184,1.087000012,0.00032,-0.000599999,5.697000027,-14.83899975,14.0395604
0.192000002,1.072000027,4.00E-05,-0.002360001,2.944999933,-12.73200035,11.48677983
0.193000004,1.013000011,-0.00096,-0.002720001,-0.323000014,-9.989999771,8.302154003
0.169,0.944999993,-0.00156,-0.001359999,0.367000014,-8.248000145,7.088898216
0.129999995,0.911000013,-0.00144,0.000119998,0.363000005,-5.868000031,5.009491695
0.093999997,0.913999975,-0.0014,0.000680001,-0.785000026,-3.58100009,2.641283036
0.059,0.930999994,-0.00184,0.000280001,-0.783999979,-1.493000031,0.893638134
0.013,0.938000023,-0.0008,0.000719998,-0.592000008,0.075000003,-0.271108653
-0.007,0.95599997,-0.00012,0.000200002,-0.300000012,0.58099997,-0.533467236
-0.01,0.961000025,-0.00044,0.000639999,-0.072999999,0.462000012,-0.360727614
-0.021,0.976999998,0.0004,-0.00056,1.465999961,-0.293000013,0.770184921
-0.011,0.963,0.00108,-0.001040001,2.51699996,-2.448999882,2.712813124
0.016000001,0.936999977,0.0018,8.00E-05,3.821000099,-4.853000164,5.010680004
0.061000001,0.93900001,0.00188,0.001959999,4.051000118,-7.22300005,7.021701783
0.108000003,0.987999976,0.00152,0.001800001,5.379000187,-11.12100029,10.64925749
0.145999998,1.032999992,0.00108,0.001719999,7.117000103,-14.54500008,14.09621295
0.172999993,1.075999975,0.0006,0.0004,7.127999783,-16.3239994,15.65946062
0.187999994,1.085999966,0.00028,-0.000439997,6.038000107,-15.67599964,14.86241568
0.194999993,1.075000048,4.00E-05,-0.002280002,3.207000017,-12.97900009,11.78770589
0.195999995,1.018000007,-0.00096,-0.002880001,0.896000028,-10.30300045,8.939574921
0.172000006,0.94599998,-0.00152,-0.001399999,0.432999998,-8.447999954,7.289848633
0.134000003,0.911000013,-0.0014,0.00016,0.082000002,-6.197999954,5.212492598
0.098999999,0.915000021,-0.00144,0.000519998,-0.462000012,-3.773999929,2.915585864
0.063000001,0.927999973,-0.0018,0.000240002,-1.286999941,-1.699000001,0.88987299
0.017999999,0.934000015,-0.00092,0.000839999,-0.143000007,-0.07,0.000849795
-0.005,0.954999983,-0.00016,0.0002,0.046999998,0.573000014,-0.398801735
-0.009,0.959999979,-0.00028,0.000480001,-0.050000001,0.421999991,-0.323612126
-0.016000001,0.972000003,0.00028,-0.00036,1.06099999,-0.150999993,0.511853142
-0.009,0.963,0.001,-0.000999999,2.299000025,-2.477999926,2.653410602
0.016000001,0.938000023,0.00156,-4.00E-05,3.747999907,-4.693999767,4.864637511
0.055,0.936999977,0.00184,0.001800001,3.438999891,-7.31099987,6.860020367
0.101000004,0.981999993,0.00156,0.001799998,5.142000198,-10.69400024,10.20793506
0.140000001,1.02699995,0.0012,0.00184,6.853000164,-13.77000046,13.35920764
0.170000002,1.072999954,0.0006,0.00052,7.081999779,-16.21500015,15.53928668
0.185000002,1.085999966,0.00036,-0.000320001,6.275000095,-15.65200043,14.90008423
0.194000006,1.077999949,4.00E-05,-0.002159996,3.253999949,-13.07199955,11.87079392
0.194999993,1.024000049,-0.00084,-0.002960002,0.967000008,-10.64999962,9.234820432
0.173999995,0.949999988,-0.0014,-0.001599998,0.375,-8.737000465,7.515881342
0.138999999,0.910000026,-0.00128,0.000239999,-0.216999993,-6.393000126,5.305831065
0.107000001,0.916000009,-0.0014,0.00052,-0.437999994,-4.202000141,3.293184108
0.071999997,0.92900002,-0.00156,0.000599999,-1.233999968,-2.101000071,1.239370389
0.033,0.944000006,-0.00136,0.00036,-0.637000024,-0.294999987,-0.004111371
-0.001,0.953000009,-0.00024,0.000239999,-0.674000025,0.660000026,-0.732326837
-0.007,0.958999991,-0.00024,0.00036,0,0.344000012,-0.249075472
-0.013,0.967999995,0.00016,-0.000239999,1.177999973,-0.079999998,0.503739038
-0.009,0.962000012,0.00092,-0.00096,2.194999933,-2.270999908,2.465082208
0.014,0.938000023,0.00148,0,2.967000008,-4.390999794,4.351081514
0.050999999,0.938000023,0.00176,0.001639998,3.27699995,-6.920000076,6.484921043
0.094999999,0.978999972,0.00152,0.001719999,5.119999886,-9.994999886,9.625373189
0.133000001,1.021999955,0.00128,0.001880002,6.784999847,-13.93299961,13.43720127
0.165000007,1.069000006,0.00072,0.00072,7.688000202,-16.08600044,15.60328106
0.182999998,1.087000012,0.00032,-0.000320001,6.762000084,-16.1420002,15.44664679
0.191,1.078999996,0.00016,-0.001960001,3.711999893,-13.51200008,12.36098989
0.194999993,1.029999971,-0.00068,-0.00296,0.689999998,-10.91899967,9.364091443
0.178000003,0.95599997,-0.00136,-0.001799998,0.214000002,-9.078000069,7.759865515
0.143999994,0.911000013,-0.00116,0.00016,-0.201000005,-6.782999992,5.657668575
0.115000002,0.915000021,-0.00136,0.000319998,-0.739000022,-4.414000034,3.396457049
0.081,0.922999978,-0.00152,0.00072,-0.911000013,-2.427999973,1.631200056
0.043000001,0.940999985,-0.00168,0.000320001,-0.75999999,-0.683000028,0.254543647
0.001,0.949000001,-0.00024,0.00036,-0.727999985,0.377000004,-0.545665394
-0.005,0.958000004,-0.0002,0.000279999,-0.368999988,0.319999993,-0.370269277
-0.01,0.964999974,4.00E-05,4.00E-05,1.050999999,-0.210999995,0.548432065
-0.009,0.966000021,0.0008,-0.00108,2.400000095,-2.072000027,2.398262384
0.011,0.93900001,0.00136,-4.00E-05,3.562000036,-4.15199995,4.383345713
0.045000002,0.938000023,0.00168,0.001559999,3.766000032,-6.511000156,6.321406009
0.086999997,0.976999998,0.0016,0.001719999,4.835000038,-10.01200008,9.509120721
0.127000004,1.019999981,0.00136,0.001880002,6.803999901,-13.69099998,13.21911295
0.160999998,1.067000031,0.00072,0.000840001,7.304999828,-15.81200027,15.23354442
0.179000005,1.088000059,0.00036,-0.000320001,7.020999908,-15.70699978,15.1484395
0.187999994,1.080000043,0.00024,-0.001800003,4.197999954,-13.68099976,12.63580472
0.194000006,1.034999967,-0.00048,-0.002879999,1.200000048,-11.08199978,9.640568233
0.181999996,0.963,-0.00128,-0.001759999,0.601000011,-8.993000031,7.804749872
0.150000006,0.91900003,-0.0012,-0.000200002,0.004,-6.919000149,5.839718487
0.119999997,0.913999975,-0.00132,0.00016,-1.161999941,-4.499000072,3.349932654
0.086999997,0.917999983,-0.00148,0.000840001,-1.567000031,-2.757999897,1.695858475
0.050000001,0.93900001,-0.00184,0.000320001,-1.383000016,-0.791999996,0.126775686
0.004,0.947000027,-0.00028,0.0004,-0.837000012,0.412,-0.611548852
-0.003,0.957000017,-0.00024,0.000279999,-0.368000001,0.432000011,-0.451592738
-0.009,0.963999987,-4.00E-05,4.00E-05,0.972000003,-0.275999993,0.56517602
-0.01,0.964999974,0.00084,-0.000999999,1.809000015,-1.932999969,2.074650199
0.011,0.939999998,0.00128,-4.00E-05,2.96600008,-3.815000057,3.915069673
0.043000001,0.93900001,0.00164,0.001440001,3.552000046,-6.413000107,6.163276683
0.083999999,0.975000024,0.00164,0.001679997,4.453000069,-9.390000343,8.880723791
0.125,1.01699996,0.0014,0.001800003,6.295000076,-13.27999973,12.71465616
0.159999996,1.062000036,0.0008,0.001040001,7.290999889,-15.49400043,14.96883407
0.180000007,1.088000059,0.000319999,-0.000280004,6.859000206,-16.18600082,15.49543336
0.187999994,1.08099997,0.00028,-0.00152,4.730999947,-13.90499973,12.98866957
0.194999993,1.042999983,-0.00036,-0.0028,1.764999986,-11.38700008,10.05980139
0.186000004,0.97299999,-0.00124,-0.001919999,0.536000013,-9.482999802,8.194085967
0.155000001,0.925000012,-0.00132,-0.000440001,0.145999998,-7.445000172,6.333005834
0.122000001,0.913999975,-0.00128,0.000120001,-0.584999979,-5.013000011,3.965231916
0.090000004,0.916999996,-0.00148,0.000880001,-1.81099999,-2.960999966,1.787520712
0.052999999,0.93900001,-0.00184,0.0004,-1.024999976,-1.003000021,0.417892743
0.007,0.949000001,-0.00036,0.000279999,-0.663999975,0.423000008,-0.556052494
-0.002,0.95599997,-0.00028,0.000280001,-0.090999998,0.158000007,-0.149009978
-0.009,0.963,-0.00012,0.000320001,0.925999999,-0.241999999,0.523212104
-0.012,0.971000016,0.00088,-0.00112,1.792000055,-1.281000018,1.598198951
0.01,0.943000019,0.00124,-0.0002,3.171000004,-3.588999987,3.819041906
0.041000001,0.938000023,0.00164,0.00132,3.26699996,-5.842000008,5.621094928
0.082000002,0.971000016,0.00164,0.00168,4.336999893,-8.961999893,8.504002393
0.123000003,1.013000011,0.00144,0.001799998,6.763999939,-12.90600014,12.56757304
0.158999994,1.057999969,0.000840001,0.001200004,7.541999817,-15.4659996,15.02565743
0.180000007,1.088000059,0.00036,-0.000240002,6.823999882,-16.12100029,15.430811
0.188999996,1.082000017,0.00032,-0.001280003,5.066999912,-14.30300045,13.42882412
0.196999997,1.049999952,-0.00028,-0.002719998,1.914999962,-11.76099968,10.41803928
0.189999998,0.981999993,-0.0012,-0.002160001,0.800999999,-9.640000343,8.403550029
0.159999996,0.927999973,-0.0014,-0.00056,-0.083999999,-7.623000145,6.428194203
0.125,0.913999975,-0.00124,0.000120001,-1.131999969,-5.129000187,3.899167273
0.093999997,0.916999996,-0.00144,0.000880001,-1.152999997,-3.15199995,2.169078006
0.057999998,0.93900001,-0.0016,0.00092,-1.782999992,-1.266000032,0.364792404
0.017999999,0.962000012,-0.00092,0,-0.755999982,0.326000005,-0.518497319
-0.005,0.962000012,-8.00E-05,8.00E-05,-0.187000006,0.421000004,-0.375191325
-0.007,0.963999987,-0.00024,0.000480001,0.888000011,0.005,0.330199231
-0.013,0.976000011,0.00088,-0.001240001,1.417000055,-1.062000036,1.298772219
0.009,0.944999993,0.00112,-0.000279999,2.960999966,-3.451999903,3.638357703
0.037,0.938000023,0.00168,0.001199999,3.486999989,-5.93900013,5.761503461
0.079000004,0.967999995,0.00172,0.00168,4.592000008,-8.312999725,8.076602288
0.122000001,1.00999999,0.00148,0.001760001,6.532999992,-12.54300022,12.20012766
0.158999994,1.05400002,0.00088,0.001360002,7.440000057,-15.38000011,14.92651602
0.180999994,1.088000059,0.00036,-0.000240002,6.949999809,-16.33600044,15.65389747
0.189999998,1.082000017,0.00032,-0.000960002,5.156000137,-14.5369997,13.65620434
0.197999999,1.057999969,-0.00012,-0.002479999,2.135999918,-12.01099968,10.6881701
0.194999993,0.995999992,-0.00116,-0.002319999,0.811999977,-9.56400013,8.334097243
0.165999994,0.938000023,-0.00148,-0.000880001,-0.453999996,-7.850999832,6.50964053
0.128999993,0.916000009,-0.0012,0.000239999,-0.934000015,-5.537000179,4.31151114
0.098999999,0.921999991,-0.00144,0.00056,-1.692999959,-3.306999922,2.123787533
0.063000001,0.93599999,-0.00164,0.00096,-1.636000037,-1.286999941,0.441779265
0.022,0.959999979,-0.00108,4.00E-05,-0.943000019,0.31400001,-0.57735535
-0.005,0.961000025,-8.00E-05,8.00E-05,-0.338999987,0.537,-0.51630496
-0.007,0.963,-0.00036,0.000639999,0.619000018,-0.048999999,0.267998668
-0.016000001,0.978999972,0.00076,-0.001239998,1.444000006,-0.77700001,1.105377229
0.003,0.948000014,0.0012,-0.000440001,3.089999914,-3.174999952,3.472664375
0.033,0.936999977,0.00168,0.001040001,3.505000114,-5.416999817,5.361218471
0.075000003,0.963,0.00176,0.001800001,3.812999964,-8.147999763,7.672515473
0.119000003,1.008000016,0.00148,0.001599998,5.142000198,-12.2329998,11.47627756
0.156000003,1.047999978,0.001,0.001560001,7.05700016,-15.39999962,14.80773456
0.180999994,1.087000012,0.0004,-0.000120001,7.477000237,-16.34000015,15.82658824
0.191,1.083999991,0.00032,-0.000840001,5.464000225,-14.92199993,14.07637291
0.199000001,1.062999964,0,-0.002360001,2.282000065,-12.41399956,11.0682398
0.199000001,1.003999949,-0.00112,-0.002399998,0.395000011,-9.916999817,8.510662829
0.171000004,0.944000006,-0.00156,-0.00108,-0.760999978,-8.001999855,6.552897483
0.131999999,0.916999996,-0.00132,0.00016,-0.899999976,-5.638000011,4.415824374
0.098999999,0.921000004,-0.00144,0.000480001,-0.671999991,-3.292000055,2.447414992
0.063000001,0.933000028,-0.0018,0.000679998,-0.968999982,-1.547000051,0.876355963
0.017999999,0.949999988,-0.00084,0.0002,-0.586000025,0.252000004,-0.400936557
-0.003,0.954999983,-0.0002,0.0002,-0.298000008,0.555999994,-0.515884894
-0.008,0.959999979,-0.00028,0.00056,0.164000005,0.101000004,-0.011443657
-0.015,0.973999977,0.0006,-0.001079998,1.120000005,-0.499000013,0.782962197
0,0.947000027,0.0012,-0.000480001,2.270999908,-3.029999971,3.06015365
0.029999999,0.935000002,0.00168,0.000680001,3.298000097,-5.296000004,5.190299952
0.071999997,0.952000022,0.00192,0.001919999,4.171000004,-7.921000004,7.625090329
0.119999997,1,0.00152,0.001680002,6.09499979,-11.92800045,11.56922837
0.158000007,1.042000055,0.00112,0.001679997,7.040999889,-15.26599979,14.71331602
0.186000004,1.083999991,0.00036,-4.00E-05,7.065999985,-16.52099991,15.87542452
0.194999993,1.082999945,0.000280001,-0.000679998,5.105000019,-15.34399986,14.3380076
0.202000007,1.065999985,4.00E-05,-0.002360001,2.433000088,-12.54399967,11.23663258
0.202999994,1.006999969,-0.00108,-0.002479999,-0.49000001,-10.1239996,8.43792861
0.175999999,0.944999993,-0.00156,-0.001240001,-0.583999991,-8.218999863,6.81296909
0.136999995,0.913999975,-0.00136,4.00E-05,-0.663999975,-5.934999943,4.76470982
0.103,0.915000021,-0.00152,0.000639999,-0.89200002,-3.661999941,2.695358024
0.064999998,0.930999994,-0.00168,0.00076,-1.582000017,-1.616000056,0.724731391
0.023,0.949999988,-0.00104,0.0002,-0.630999982,0.018999999,-0.242661929
-0.003,0.954999983,-0.00016,0.0002,0.052999999,0.479000002,-0.32900025
-0.007,0.959999979,-0.00024,0.000480001,0.061999999,0.179000005,-0.106298745
-0.013,0.972000003,0.0004,-0.00072,1.182999969,-0.381000012,0.722075503
-0.003,0.953999996,0.00112,-0.00072,2.329999924,-2.73300004,2.858602994
0.025,0.93599999,0.0018,0.000280001,3.520999908,-5.278999805,5.243667263
0.07,0.943000019,0.00188,0.001999998,4.164999962,-7.544000149,7.335938248
0.116999999,0.992999971,0.00156,0.001720002,4.949999809,-11.77999973,11.06824102
0.156000003,1.036000013,0.00124,0.001799998,6.243000031,-15.10200024,14.31908641
0.187000006,1.08099997,0.00044,0.000160003,6.65899992,-16.70299912,15.90465878
0.197999999,1.085000038,0.00028,-0.000560002,5.473999977,-15.65699959,14.7303109
0.204999998,1.07099998,0,-0.002399998,3.045000076,-13.21199989,11.99436532
0.204999998,1.011000037,-0.00104,-0.00256,0.617999971,-10.35400009,8.963685884
0.179000005,0.947000027,-0.00156,-0.001400001,-0.523000002,-8.512999535,7.091018918
0.140000001,0.912,-0.00148,8.00E-05,-0.287,-6.072000027,5.013437481
0.103,0.913999975,-0.00144,0.00056,-1.781999946,-3.936000109,2.631360909
0.067000002,0.927999973,-0.00176,0.000680001,-1.228000045,-1.66900003,0.893107264
0.023,0.944999993,-0.001,0.00036,-0.630999982,-0.088,-0.161883126
-0.002,0.953999996,-0.0002,0.000239999,-0.435000002,0.488999993,-0.518415465
-0.007,0.959999979,-0.00016,0.000400002,0.089000002,0.248999998,-0.146834854
-0.011,0.970000029,0.00024,-0.000400002,1.274999976,-0.418000013,0.782890498
-0.005,0.959999979,0.00112,-0.00092,2.954999924,-2.859999895,3.180592672
0.023,0.936999977,0.00172,8.00E-05,3.36500001,-5.105000019,5.05070112
0.066,0.93900001,0.00196,0.002,3.993999958,-7.410999775,7.165984469
0.115000002,0.989000022,0.00152,0.001719997,5.633999825,-11.1960001,10.82597177
0.152999997,1.031999946,0.00124,0.001800003,6.511000156,-14.56499958,13.95697967
0.184,1.077000022,0.0006,0.000359998,7.047999859,-16.60400009,15.93060151
0.199000001,1.085999966,0.00028,-0.0004,5.447000027,-15.88099957,14.91362083
0.206,1.075999975,4.00E-05,-0.002319999,2.859999895,-13.30900002,12.01872915
0.207000002,1.018000007,-0.001,-0.0026,0.433999985,-10.73400021,9.226468542
0.181999996,0.953000009,-0.0016,-0.001560001,-0.305999994,-8.666999817,7.284911996
0.142000005,0.913999975,-0.00136,-4.00E-05,-0.187999994,-6.320000172,5.255566416
0.108000003,0.912999988,-0.00148,0.00052,-0.915000021,-3.891000032,2.892499327
0.071000002,0.925999999,-0.0016,0.000799999,-1.730000019,-1.944000006,0.947979605
0.030999999,0.94599998,-0.00128,0.000240002,-0.746999979,-0.246000007,-0.081839812
-0.001,0.952000022,-0.00016,0.000239999,0.07,0.407000005,-0.271272179
-0.005,0.958000004,-0.00012,0.000320001,0.126000002,0.230000004,-0.119806059
-0.008,0.966000021,4.00E-05,0,0.958000004,-0.30399999,0.580178045
-0.007,0.966000021,0.00108,-0.001040001,2.602999926,-2.388000011,2.704125207
0.02,0.939999998,0.00172,-0.00016,3.051000118,-4.861000061,4.744270675
0.063000001,0.93599999,0.00196,0.001960001,3.874000072,-7.361000061,7.080264365
