,Epoch Training Loss,Epoch Training Min Loss,Epoch Training Max Loss,Epoch Validation Loss,Epoch Validation Min Loss,Epoch Validation Max Loss
0,8.042596817016602,2.821411,13.1452465,6.37792444229126,3.7291474,8.707842
1,6.6031646728515625,2.431056,10.695074,5.62172794342041,3.1004426,7.7171407
2,6.065934181213379,2.2858276,9.795245,5.320582866668701,2.8668895,7.3329906
3,5.793788433074951,2.2041328,9.372818,5.129787445068359,2.725422,7.117369
4,5.6024017333984375,2.1461394,9.077274,4.979799747467041,2.6107101,6.945014
5,5.448346138000488,2.0996964,8.836745,4.856748580932617,2.5150616,6.801081
6,5.316938400268555,2.0569463,8.630486,4.752782344818115,2.4326677,6.679544
7,5.201793670654297,2.018557,8.451626,4.659938335418701,2.358233,6.5715685
8,5.10003662109375,1.9858544,8.296732,4.576841354370117,2.2916884,6.474689
9,5.0098490715026855,1.9581925,8.159779,4.503852844238281,2.2341197,6.3886576
10,4.929177761077881,1.9356816,8.036007,4.4395036697387695,2.1844914,6.3130517
11,4.856893539428711,1.9047003,7.924048,4.382480144500732,2.141366,6.2457876
12,4.792105674743652,1.8662299,7.822732,4.331768035888672,2.103511,6.1853666
13,4.733994007110596,1.8323064,7.7310553,4.286592960357666,2.0699823,6.130777
14,4.681825160980225,1.802527,7.648265,4.246338844299316,2.0400746,6.0813537
15,4.634978294372559,1.7761451,7.573679,4.210455417633057,2.0133426,6.0366774
16,4.592930793762207,1.7523358,7.5065203,4.178407669067383,1.9895272,5.9964647
17,4.555227756500244,1.7306687,7.445932,4.1497087478637695,1.9684243,5.9603543
18,4.521444320678711,1.711074,7.391191,4.123938083648682,1.9497055,5.9279003
19,4.49116325378418,1.6935045,7.341753,4.100747585296631,1.9330096,5.8986535
20,4.464000701904297,1.6778275,7.2971406,4.079860687255859,1.9180689,5.872286
21,4.439609527587891,1.6638832,7.256887,4.061028480529785,1.904674,5.848543
22,4.4176812171936035,1.651508,7.220549,4.044035911560059,1.8926413,5.827255
23,4.397944450378418,1.6405408,7.18774,4.0287065505981445,1.8818392,5.808305
24,4.380157470703125,1.6307931,7.158168,4.014917850494385,1.8721802,5.7917013
25,4.36409330368042,1.6220076,7.1315937,4.0026164054870605,1.863674,5.777537
26,4.349515914916992,1.6139648,7.1078076,3.9917349815368652,1.8562963,5.7657847
27,4.336190223693848,1.6067407,7.086426,3.981921911239624,1.8496884,5.755802
28,4.323925018310547,1.6007211,7.0667243,3.972529411315918,1.8431419,5.746608
29,4.312592506408691,1.5962976,7.048046,3.963117837905884,1.8362435,5.737693
30,4.302011489868164,1.594073,7.030195,3.953425407409668,1.8287836,5.7291813
31,4.291658401489258,1.5963284,7.0127897,3.9423513412475586,1.8194972,5.7213135
32,4.279270172119141,1.6161522,6.9924893,3.9195313453674316,1.7910331,5.703395
33,4.2614240646362305,1.6226965,6.9341655,3.912318706512451,1.7766277,5.7018857
34,4.248574256896973,1.6020079,6.939073,3.9061179161071777,1.7793132,5.696562
35,4.237557411193848,1.5909024,6.930732,3.8997139930725098,1.7810019,5.6993747
36,4.228221893310547,1.5840607,6.920306,3.892557144165039,1.7813901,5.7008677
37,4.220181465148926,1.58073,6.905855,3.8855650424957275,1.7820036,5.69978
38,4.213004112243652,1.5801823,6.889313,3.879401206970215,1.7832934,5.6972575
39,4.206582546234131,1.5808241,6.874153,3.8738937377929688,1.7851505,5.6937795
40,4.2007880210876465,1.5815911,6.861052,3.868803024291992,1.7875419,5.689754
41,4.195465564727783,1.5821949,6.849331,3.864075183868408,1.7905674,5.685768
42,4.190491676330566,1.5826604,6.838356,3.8596620559692383,1.7941567,5.6822667
43,4.185784816741943,1.5830667,6.8277864,3.855489730834961,1.7981157,5.6795483
44,4.18128776550293,1.583509,6.817423,3.8514437675476074,1.8021383,5.6777124
45,4.176968574523926,1.5841067,6.8071284,3.847440719604492,1.8059669,5.6767964
46,4.172816753387451,1.5849972,6.7967734,3.843435525894165,1.8094401,5.676652
47,4.168830394744873,1.5862832,6.7861705,3.8394148349761963,1.8124919,5.6770444
48,4.165003776550293,1.5880166,6.775079,3.8353633880615234,1.8151037,5.6777077
49,4.161321640014648,1.5902472,6.7632275,3.831223487854004,1.8171891,5.6786137
50,4.157739639282227,1.5930057,6.750388,3.826909065246582,1.8186499,5.679952
51,4.154159069061279,1.5962831,6.7366076,3.822479248046875,1.8195326,5.682139
52,4.150508880615234,1.5999922,6.72257,3.8183045387268066,1.8201233,5.685511
53,4.146839618682861,1.6039232,6.7090883,3.814676523208618,1.8206229,5.6898165
54,4.143249988555908,1.6080133,6.6963863,3.811577558517456,1.8210087,5.694522
55,4.139788627624512,1.6123115,6.6843038,3.8089165687561035,1.8212146,5.6992345
56,4.1364593505859375,1.6168643,6.6727433,3.806507110595703,1.8210582,5.7035847
57,4.133238792419434,1.6215459,6.661713,3.8039474487304688,1.8201283,5.7069354
58,4.130070209503174,1.6258405,6.6512423,3.800689697265625,1.8178849,5.708581
59,4.126869201660156,1.6289668,6.6411147,3.7966628074645996,1.8143896,5.708631
60,4.123590469360352,1.6307528,6.630755,3.7925267219543457,1.8105063,5.7082562
61,4.120284080505371,1.6319146,6.6198125,3.788796901702881,1.8068802,5.708323
62,4.117026329040527,1.6331327,6.6085033,3.7854485511779785,1.8034965,5.708792
63,4.113855838775635,1.6346338,6.597122,3.7823143005371094,1.8001679,5.709435
64,4.11077880859375,1.636421,6.585795,3.7792840003967285,1.7967883,5.7101045
65,4.107789993286133,1.6384851,6.574571,3.7763073444366455,1.7933282,5.7108064
66,4.104887962341309,1.6407919,6.5634975,3.773372173309326,1.7898104,5.711533
67,4.1020660400390625,1.6433253,6.5526123,3.770488739013672,1.7862874,5.7123017
68,4.099322319030762,1.6460744,6.541938,3.767681360244751,1.7828507,5.713102
69,4.096656322479248,1.6490134,6.5314937,3.7649617195129395,1.779544,5.7139273
70,4.094061374664307,1.6521252,6.521286,3.76237416267395,1.7764786,5.714821
71,4.091535568237305,1.6553625,6.511323,3.7599449157714844,1.7737259,5.715833
72,4.089072227478027,1.6527245,6.5015965,3.7577028274536133,1.7713423,5.717054
73,4.086668014526367,1.6497135,6.4921,3.7556519508361816,1.7693418,5.7184973
74,4.084316253662109,1.6465226,6.482847,3.753800868988037,1.7677466,5.72017
75,4.082004547119141,1.6431805,6.473839,3.752164840698242,1.7665802,5.722078
76,4.079725742340088,1.639743,6.4650803,3.750779390335083,1.7659221,5.724172
77,4.077474117279053,1.6362975,6.456558,3.7496817111968994,1.7658628,5.726287
78,4.075247764587402,1.632939,6.4482684,3.74890398979187,1.7665234,5.7282386
79,4.073052883148193,1.6297362,6.4401965,3.7484753131866455,1.767973,5.7298293
80,4.070894241333008,1.6267631,6.4323273,3.7484285831451416,1.7703058,5.7307854
81,4.0687761306762695,1.6240668,6.4246697,3.7488181591033936,1.7736394,5.730808
82,4.066718101501465,1.6216682,6.4172525,3.7496728897094727,1.7780243,5.729577
83,4.064736366271973,1.6195762,6.4100513,3.751028537750244,1.7834997,5.7267427
84,4.062860488891602,1.6178138,6.4030776,3.7529067993164062,1.7899768,5.7219024
85,4.0611138343811035,1.6114329,6.396422,3.755373477935791,1.7972926,5.7149487
86,4.059512138366699,1.602225,6.390192,3.7583608627319336,1.8050258,5.706002
87,4.0580291748046875,1.5934349,6.384477,3.7615456581115723,1.8124317,5.6956162
88,4.0565595626831055,1.5853664,6.3788943,3.7641854286193848,1.8185468,5.6847396
89,4.05491828918457,1.5780467,6.372271,3.7653751373291016,1.8228245,5.673355
90,4.0529375076293945,1.5710878,6.3633943,3.7646431922912598,1.8255996,5.660432
91,4.05056095123291,1.5640603,6.3519073,3.7620849609375,1.8280823,5.645024
92,4.047873497009277,1.556135,6.3385077,3.758126735687256,1.8315159,5.6279917
93,4.045033931732178,1.5466852,6.324157,3.7526800632476807,1.8354348,5.6100955
94,4.042324066162109,1.5355849,6.310154,3.74562406539917,1.8386016,5.591557
95,4.040135860443115,1.523905,6.29685,3.7386884689331055,1.8438854,5.5746207
96,4.039186477661133,1.5132014,6.281692,3.734981060028076,1.8550367,5.5613155
97,4.039619445800781,1.5056719,6.2602015,3.739072561264038,1.8755692,5.5535207
98,4.039533615112305,1.5053174,6.2230034,3.736945629119873,1.8808173,5.5589714
99,4.0366902351379395,1.5085958,6.1814103,3.709150791168213,1.8391774,5.5606613
100,4.034038543701172,1.5066812,6.149369,3.6958484649658203,1.8128488,5.5393248
101,4.035955429077148,1.5241276,6.141497,3.698089122772217,1.7995797,5.568642
102,4.035293102264404,1.527306,6.128817,3.699402332305908,1.7934365,5.5267043
103,4.031005382537842,1.5480072,6.0959167,3.7113232612609863,1.8053173,5.518835
104,4.051997184753418,1.4470035,6.0850067,3.7728161811828613,1.8450595,5.5687227
105,4.02836275100708,1.4785302,6.264219,3.747255802154541,1.9004925,5.608422
106,4.016988754272461,1.5105656,6.7474017,3.687697172164917,1.8452237,5.602937
107,4.002593517303467,1.509477,6.2661166,3.666727304458618,1.793749,5.49104
108,4.022852420806885,1.4723798,6.2470465,3.6758477687835693,1.748633,5.543653
109,3.986602306365967,1.5147015,6.0999503,3.6766467094421387,1.8058496,5.45294
110,4.016720294952393,1.5177386,6.205642,3.709916591644287,1.8040746,5.489551
111,3.9907469749450684,1.4593621,6.0728245,3.713951349258423,1.7915653,5.57779
112,3.977360248565674,1.436106,6.0650563,3.7337756156921387,1.7912389,5.512212
113,3.9829299449920654,1.5208857,6.082553,3.696777820587158,1.7631527,5.5432053
114,3.9763741493225098,1.428629,6.0639796,3.690483331680298,1.766338,5.5662766
115,3.954312801361084,1.4315939,6.0623794,3.708080768585205,1.7948525,5.5054164
116,3.9398441314697266,1.3590596,6.1819186,3.7250185012817383,1.824191,5.502207
117,3.9818201065063477,1.2215551,6.251183,3.703671455383301,1.7370946,5.587943
118,4.003413200378418,1.3128048,6.1276703,3.709599256515503,1.7653618,5.5917172
119,4.004371643066406,1.3393022,6.15019,3.922787666320801,2.0437014,5.8069415
120,3.988272190093994,1.0750316,6.1001244,3.7158145904541016,1.6348057,5.5955977
121,3.998201370239258,1.468801,6.20972,3.7029287815093994,1.652892,5.96826
122,3.9106521606445312,1.1379306,6.0552692,3.708688735961914,1.832586,5.388965
123,3.966217041015625,1.2259209,6.1686788,3.770141363143921,1.7709585,5.4714227
124,3.940261125564575,1.191814,6.1402173,3.7691688537597656,1.7654253,5.568122
125,3.891977310180664,1.3484927,6.0751824,3.7031376361846924,1.727418,5.4467177
126,3.8992762565612793,1.2397956,6.248533,3.8208723068237305,1.818145,5.5495834
127,3.905534505844116,1.2727556,6.009924,3.7676780223846436,1.7045605,5.61391
128,3.9026851654052734,1.2528911,6.0212893,3.8144359588623047,1.7102677,5.7857847
129,3.91739559173584,1.0904189,6.0355816,3.8909544944763184,1.7837325,5.895743
130,3.9373841285705566,0.96417356,6.126946,3.865584135055542,1.8123055,5.691326
131,3.977952718734741,1.3996171,6.1812024,3.7941882610321045,1.6949903,5.728206
132,3.8769497871398926,1.1478311,5.9984674,3.7839150428771973,1.7197074,5.7007923
133,3.890244245529175,1.140142,6.023705,3.9172122478485107,1.7941864,5.791833
134,3.8877856731414795,1.0506783,6.204212,3.7205586433410645,1.7112238,5.549961
135,3.9080371856689453,1.0978751,6.0094934,3.778688430786133,1.7258419,5.786043
136,3.9360013008117676,1.3919805,6.3724227,3.7360172271728516,1.6663104,5.864046
137,3.9513559341430664,1.1477246,5.99626,3.736607551574707,1.6639284,5.765214
138,3.9393768310546875,1.3806993,6.336947,3.7551703453063965,1.7616376,5.4015107
139,3.904831647872925,1.2241545,6.4458466,3.6261181831359863,1.6501478,5.595219
140,3.903827428817749,1.0384033,6.261533,3.675602912902832,1.6228673,5.4087043
141,3.886636734008789,1.4772302,6.121165,3.8510384559631348,1.7847693,5.655448
142,3.8921499252319336,1.1807417,6.121272,3.821476697921753,1.7716953,5.723714
143,3.8788561820983887,1.2068855,6.150001,3.7268030643463135,1.591943,5.5667405
144,3.88735294342041,1.4939348,6.2999473,3.6522700786590576,1.6743137,5.3138914
145,3.9236578941345215,1.3384819,6.219236,3.7331786155700684,1.6749552,5.601301
146,3.8785862922668457,1.3052112,6.0102596,3.779343605041504,1.7537308,5.5034566
147,3.8381590843200684,1.3093432,6.247022,3.751267910003662,1.7188528,5.4704213
148,3.8940091133117676,1.2178866,6.138591,3.6723380088806152,1.6164443,5.4937167
149,3.9606690406799316,1.3825878,6.428142,3.704225540161133,1.6791865,5.839693
150,3.7876346111297607,1.1144979,6.3033695,3.8112592697143555,1.6691685,5.6021276
151,3.860349178314209,0.96914387,6.045782,3.9139974117279053,1.9402195,5.5673614
152,3.9014840126037598,1.303802,6.39169,3.8645381927490234,1.7126513,5.6231637
153,3.886094331741333,1.0739826,6.4921675,3.904900074005127,1.6368957,5.9499803
154,3.9354658126831055,1.3825185,6.197877,3.715306520462036,1.6488458,5.6807175
155,3.910022020339966,1.2398059,6.1728673,3.6622085571289062,1.6336879,5.6978884
156,3.8467350006103516,1.2645332,6.517335,3.8900680541992188,1.7461905,5.8430147
157,3.785689353942871,1.0692099,6.3824253,3.9204463958740234,1.775009,5.4269223
158,3.799830913543701,1.2913897,6.166188,4.0052690505981445,1.7633382,5.856303
159,3.7883193492889404,1.0836457,6.4108157,3.9018630981445312,1.9210744,5.528162
160,3.787224292755127,1.1488557,6.439564,3.974264621734619,1.7205845,5.972696
161,3.753021001815796,1.2626797,6.0240726,4.058823585510254,1.8890051,5.891576
162,3.7851035594940186,1.1582485,6.1814013,3.7738003730773926,1.7308466,5.568446
163,3.7534046173095703,1.027989,6.4840117,3.8943190574645996,1.7034521,5.931515
164,3.776496648788452,1.0029527,6.6430373,4.011309623718262,1.825409,5.778529
165,3.84053373336792,1.3242545,6.170701,3.7423501014709473,1.600221,5.291126
166,3.865471601486206,1.1195998,6.7292995,3.6711933612823486,1.5984081,5.3528576
167,3.790288209915161,1.1063825,6.173589,3.5942022800445557,1.5371312,5.1722655
168,3.7602899074554443,1.0152994,5.842128,3.763301134109497,1.6096903,5.625522
169,3.7026901245117188,1.1622552,5.9113917,4.112142086029053,1.7437962,6.313935
170,3.8202271461486816,1.1308516,6.0303235,3.7275567054748535,1.737721,5.430635
171,3.7163143157958984,1.1047833,6.182483,3.9248523712158203,1.7059882,6.038288
172,3.823328971862793,1.2508945,6.103834,4.334298133850098,1.8097587,6.5582895
173,3.806492805480957,1.3056195,6.67034,4.10203218460083,1.7264849,6.4014034
174,3.7680306434631348,1.1447843,6.1254234,4.228150367736816,1.7389576,6.511449
175,3.772711753845215,1.2697449,6.367892,4.2533979415893555,1.780388,6.4863243
176,3.7953391075134277,1.3062382,6.373998,4.196288108825684,1.8563029,5.8532577
177,3.849290132522583,1.1175292,6.4635954,3.670741081237793,1.6993809,5.3544593
178,3.707753896713257,1.2776237,6.2071943,4.262134552001953,1.826734,6.267396
179,3.846402406692505,1.3348198,6.556629,3.624807357788086,1.5777723,5.4371724
180,3.723737955093384,0.9700491,6.070609,3.6314568519592285,1.5948176,5.3696837
181,3.6748228073120117,1.1045705,5.9694643,3.7714691162109375,1.7072072,5.6435056
182,3.6759421825408936,1.0548593,6.188242,4.19246768951416,2.0136082,5.788292
183,3.7296042442321777,1.1136101,6.6978426,3.819889545440674,1.7510523,5.1996374
184,3.6657352447509766,1.1188891,5.9461536,4.003241062164307,1.7029272,5.656965
185,3.8275015354156494,1.1898435,6.2843537,3.6708250045776367,1.6441169,5.4435105
186,3.683712959289551,1.1863011,6.579402,3.8592941761016846,1.6158333,6.2785263
187,3.6613166332244873,1.0022776,6.279339,3.6087520122528076,1.608132,5.16502
188,3.6497950553894043,1.1322603,5.805811,3.7574033737182617,1.6956564,5.629493
189,3.634719133377075,1.0189061,6.3541527,3.823854684829712,1.637762,5.317098
190,3.6089296340942383,0.94163454,5.9249845,3.888507843017578,1.6340029,5.3873525
191,3.5938920974731445,1.0759594,5.62909,4.265017509460449,2.079502,6.4350367
192,3.7010321617126465,1.2780472,5.8964334,4.052557945251465,1.7023114,5.8457756
193,3.6613192558288574,1.1866391,6.1703696,4.150064468383789,1.7960491,5.800096
194,3.755418300628662,1.1006731,6.389058,3.739074230194092,1.644189,5.4076447
195,3.616774082183838,1.110206,6.183316,4.015094757080078,2.0446103,5.3980155
196,3.644927740097046,1.1047331,6.0035615,3.864537477493286,1.7045362,5.2764115
197,3.591226100921631,0.9246609,6.0568933,3.8224949836730957,1.634251,5.4148684
198,3.577028274536133,0.9862199,6.069423,3.786635160446167,1.6481261,5.2400312
199,3.568711757659912,0.87528557,6.16489,3.9160866737365723,1.653289,5.4334464
200,3.581892967224121,0.9080537,5.9527125,3.7041707038879395,1.5976892,5.4468145
201,3.612915515899658,0.99244297,5.7239933,3.9698848724365234,1.6540414,5.476625
202,3.5879569053649902,0.9629807,5.921217,4.039877414703369,1.6310807,5.672431
203,3.554182529449463,1.1632193,5.640026,4.013964653015137,1.6382401,5.5186825
204,3.5452489852905273,1.0424703,5.670806,3.934422254562378,1.5918928,5.4384546
205,3.536565065383911,1.075195,5.582114,3.9776053428649902,1.6211525,5.511011
206,3.5281219482421875,1.0756494,5.6198554,3.9930319786071777,1.6462951,5.4289303
207,3.532264232635498,1.2154382,5.7459893,3.990215301513672,1.6530364,5.4385753
208,3.518453598022461,1.3848232,5.773291,3.941938877105713,1.6591955,5.4967017
209,3.5060458183288574,1.2633353,5.708095,3.8877859115600586,1.6841003,5.4643025
210,3.5350122451782227,1.3992505,5.84134,3.672315835952759,1.6293011,5.4359994
211,3.5222182273864746,1.1894515,5.636301,3.993647336959839,1.8074421,5.4911957
212,3.4869422912597656,1.2443897,5.897775,3.8577756881713867,1.6266758,5.398199
213,3.536952018737793,1.1332139,5.640115,3.875248432159424,1.6481098,5.4135523
214,3.5172688961029053,1.2809825,5.750567,3.8635852336883545,1.7323099,5.527339
215,3.529801845550537,1.2508161,6.0543814,3.695830821990967,1.6023523,5.37429
216,3.6018266677856445,1.300631,5.9848576,3.845521926879883,1.6162302,5.6895204
217,3.4886765480041504,1.044695,5.9668813,3.983795166015625,1.6843753,5.512529
218,3.472198486328125,1.1225947,5.6700397,4.037811756134033,1.6525378,5.582828
219,3.5025010108947754,1.0706544,5.7314076,3.9800872802734375,1.7004225,5.63368
220,3.4965806007385254,1.1444422,5.6555185,3.9851369857788086,1.7105457,6.04902
221,3.542268753051758,1.1390682,5.9467835,4.086177825927734,1.6544048,6.422522
222,3.77176570892334,1.0748546,6.060857,3.8244824409484863,1.6590495,5.771302
223,3.9005372524261475,1.1418629,6.550074,3.570702075958252,1.5950878,5.585419
224,3.7588841915130615,1.5978303,5.5443406,3.632922410964966,1.6353439,5.6778827
225,3.614774227142334,1.2203331,5.836044,3.6964898109436035,1.7236291,5.6286297
226,3.5511865615844727,1.1942022,5.8363056,3.73532772064209,1.7717514,5.4062505
227,3.620598793029785,1.1847079,5.741802,3.679992914199829,1.6392691,5.5206394
228,3.6129910945892334,1.5195142,5.955343,3.696526527404785,1.5999337,5.56284
229,3.6199235916137695,1.1124194,6.0049725,3.6448216438293457,1.6343247,5.530265
230,3.5162150859832764,1.1126263,5.880544,3.554905414581299,1.6132807,5.346992
231,3.4821057319641113,1.0495445,6.0107865,3.6908130645751953,1.6663868,5.560115
232,3.5451712608337402,1.1084163,5.8101892,3.6614537239074707,1.6483362,5.7756696
233,3.5623106956481934,1.0727804,5.932013,3.6636204719543457,1.6550393,5.6495132
234,3.5452592372894287,1.0469124,5.821259,3.611074447631836,1.615537,5.529582
235,3.545631170272827,1.1686958,6.0640154,3.6300511360168457,1.6131709,5.6120048
236,3.5698535442352295,1.0891663,5.866869,3.6120362281799316,1.6241521,5.5186105
237,3.5396947860717773,1.3216146,6.0837274,3.59588623046875,1.6470999,5.640523
238,3.4828083515167236,1.3945862,6.0677147,3.609537363052368,1.6451759,5.4050303
239,3.602937698364258,0.97333604,6.179803,3.752802610397339,1.648143,5.91313
240,3.8640263080596924,1.4581519,6.040945,3.7039031982421875,1.6345829,6.03925
241,3.7141611576080322,1.2380543,5.9412475,3.448194980621338,1.6450433,5.852818
242,3.6497550010681152,0.98021674,6.299661,3.6895194053649902,1.680802,5.4346395
243,3.6321890354156494,1.3831501,6.1647887,3.6635193824768066,1.6231399,6.0369143
244,3.523827075958252,1.3621567,6.3509455,3.6196084022521973,1.6001767,5.5360117
245,3.4914329051971436,1.0631803,5.982394,3.693134307861328,1.6394678,5.599301
246,3.569859027862549,1.1845719,6.0546756,3.8011629581451416,1.6766797,5.848291
247,3.4901492595672607,1.389412,5.915084,3.6293387413024902,1.6793532,5.751571
248,3.4547386169433594,1.217734,6.2215233,3.547323226928711,1.6453024,5.562639
249,3.473504066467285,1.165956,6.357487,3.7291476726531982,1.6694838,6.1826444
250,3.5415358543395996,1.4678956,5.932984,3.5875041484832764,1.6404291,5.7835846
251,3.438049793243408,1.1294875,6.43229,3.605093240737915,1.6451842,5.4725547
252,3.471261501312256,1.0317047,6.133544,3.724973678588867,1.6888822,6.2449837
253,3.533726692199707,1.3059096,5.7914553,3.785442590713501,1.6753486,6.0795116
254,3.481113910675049,1.5514963,5.5058703,3.5502004623413086,1.6806482,5.849808
255,3.4837918281555176,1.4302197,5.5695877,3.6597721576690674,1.7357291,5.9667544
256,3.460033416748047,1.3282406,6.324128,3.684924602508545,1.732236,6.0869327
257,3.454987049102783,1.5679969,5.915185,3.78707218170166,1.6438044,6.0232286
258,3.5849356651306152,1.588155,5.696031,3.6923489570617676,1.7252237,6.1287813
259,3.590711832046509,1.2575426,6.310738,3.602351665496826,1.745904,5.909661
260,3.4649760723114014,1.6345618,6.216798,3.717684030532837,1.6778873,5.8778124
261,3.4236698150634766,1.6180217,5.807054,3.650026321411133,1.7353671,6.208912
262,3.4195809364318848,1.5254016,5.4739594,3.650688409805298,1.7412565,5.897293
263,3.40681791305542,1.4870089,5.66138,3.7313640117645264,1.7589451,6.096491
264,3.529484748840332,1.306032,6.267599,3.8031797409057617,1.7146937,6.456554
265,3.554145574569702,1.498895,6.2061987,3.662874937057495,1.6221069,6.1752467
266,3.4563562870025635,1.4857916,5.5742545,3.919785499572754,1.6520697,5.6404715
267,3.5116076469421387,1.5679498,6.7167463,3.733914852142334,1.7316253,6.012662
268,3.477640390396118,1.1944734,6.988163,3.704066276550293,1.7585773,5.8756056
269,3.413924217224121,1.6797196,5.8144674,3.6209399700164795,1.6623247,5.7906575
270,3.400040626525879,1.3903728,5.653368,3.76162052154541,1.6863403,5.876116
271,3.3855080604553223,1.5609616,5.8948812,3.714125394821167,1.6420925,5.726984
272,3.505013942718506,1.3722038,6.1408668,3.6734960079193115,1.7098159,6.1016636
273,3.57150936126709,1.4325833,6.110867,3.685917377471924,1.6595073,6.583749
274,3.5449416637420654,1.0961457,5.8719797,3.6254358291625977,1.6783638,6.1129327
275,3.45119571685791,1.0757608,5.6237426,3.7654919624328613,1.7645569,6.6213255
276,3.3956375122070312,1.3771152,5.9605675,3.671537399291992,1.706912,5.9516516
277,3.3972742557525635,1.4471736,5.5005207,3.660318613052368,1.6092985,6.5744696
278,3.491743326187134,1.1488565,6.272281,3.6461541652679443,1.6464233,6.128236
279,3.574695110321045,1.4065452,5.7010856,3.8060359954833984,1.7593225,6.1460657
280,3.489863872528076,1.1193222,5.522613,3.6208267211914062,1.6380033,6.0001583
281,3.477221965789795,1.4477198,5.582093,3.5596132278442383,1.6270962,6.2091227
282,3.396280527114868,0.9917097,5.728398,3.677945852279663,1.635471,5.8412414
283,3.459103584289551,1.1300354,5.686882,3.6947946548461914,1.651444,6.150698
284,3.3987910747528076,1.092268,5.6206107,3.6628613471984863,1.6447642,6.402344
285,3.4687602519989014,1.1575636,5.5486107,3.7936489582061768,1.6511737,6.7504196
286,3.4705984592437744,1.2033347,6.217054,3.953054428100586,1.6382979,7.1583886
287,3.483074188232422,1.4021994,6.219237,3.781149387359619,1.6249123,7.0091968
288,3.4023823738098145,1.1022948,6.2104626,3.8173069953918457,1.6392461,7.0946074
289,3.4238693714141846,1.1992325,6.0760336,3.8006839752197266,1.6435385,6.7769756
290,3.4430296421051025,1.1503382,6.328992,4.089356422424316,1.6337974,7.466208
291,3.630676031112671,1.0542408,6.01052,3.8489162921905518,1.8016413,6.6813927
292,3.532397747039795,1.3919975,6.308137,3.812452793121338,1.629166,7.366326
293,3.5604569911956787,1.0536692,6.28732,3.7487235069274902,1.670723,6.6441355
294,3.4832592010498047,1.3953693,5.9086323,3.7682390213012695,1.6497205,6.4497304
295,3.5042738914489746,1.3775493,5.863132,3.739459276199341,1.6578541,6.438748
296,3.4551117420196533,1.1387981,5.9252424,3.7293477058410645,1.6545556,6.5061874
297,3.389164447784424,1.0837219,6.057459,3.7338619232177734,1.6888008,6.656367
298,3.4500246047973633,1.2641162,5.857142,3.7502903938293457,1.7783463,6.886786
299,3.447930335998535,1.3384346,6.207083,3.7254109382629395,1.835477,6.1522083
300,3.462036609649658,1.1534498,5.703784,3.790616035461426,1.8910047,6.4230275
301,3.415149688720703,1.2684348,6.097541,3.8819308280944824,1.7101297,6.8246875
302,3.477193593978882,1.324754,5.894715,3.7557287216186523,1.7490873,6.7113376
303,3.3863890171051025,1.1113039,5.860506,3.7686192989349365,1.7636638,6.5132785
304,3.352673053741455,1.0241027,5.923495,3.7862040996551514,1.8090581,6.8594017
305,3.373394250869751,1.1814884,6.5556808,3.795490026473999,1.7647498,6.2727985
306,3.3680224418640137,0.9306963,5.4821663,3.8604238033294678,1.891649,6.8489223
307,3.381057024002075,1.178892,6.6524997,3.780722141265869,1.6803232,6.4338956
308,3.404102325439453,0.8433768,5.4045525,3.8959903717041016,1.9562175,7.0007296
309,3.433561325073242,1.1954018,7.230864,3.7782504558563232,1.6794661,6.7213645
310,3.3915815353393555,0.77749145,5.662594,3.757763147354126,1.7560276,7.0841875
311,3.3694262504577637,1.162812,6.5639935,3.760162591934204,1.6649718,6.7962193
312,3.4130396842956543,0.93607914,5.5258493,3.7434730529785156,1.6982067,6.9947395
313,3.2943341732025146,1.2012006,6.440541,3.8376755714416504,1.662985,7.0221176
314,3.312979221343994,0.8938242,5.9167705,3.7879247665405273,1.7762443,7.094624
315,3.318849802017212,1.2659051,6.4222593,3.8270254135131836,1.70059,6.898828
316,3.2851576805114746,0.708684,6.0561676,3.8607265949249268,1.7647859,6.7740517
317,3.344078779220581,0.99380386,6.1538763,3.8178863525390625,1.6888725,7.0097566
318,3.243584632873535,0.9435918,6.532412,3.8244216442108154,1.7605487,6.9043508
319,3.2630245685577393,1.0620583,6.7416706,3.8477730751037598,1.6716794,7.3598866
320,3.2408511638641357,0.8221256,6.339021,3.865610122680664,1.692774,7.2707124
321,3.2630105018615723,1.2721955,6.6194835,3.939182758331299,1.7301625,7.280679
322,3.3392086029052734,0.8846879,5.6624575,3.929940938949585,1.7846584,7.5680737
323,3.419234275817871,1.1721532,5.8613434,4.0285444259643555,1.6927795,7.7474833
324,3.536931037902832,0.95712095,6.1948028,3.9994194507598877,1.6489813,7.4447627
325,3.470402240753174,0.87301517,6.503974,3.8686580657958984,1.683591,7.199315
326,3.4286742210388184,1.360252,6.4443817,3.876588821411133,1.7005959,7.167854
327,3.454449415206909,0.83811295,7.008123,3.9130594730377197,1.6863513,7.5943155
328,3.364130973815918,1.4165704,6.9898505,3.862241744995117,1.7275336,7.1604466
329,3.4412622451782227,0.8626934,6.988649,3.8784713745117188,1.688251,7.6401677
330,3.360166072845459,1.4171127,7.0430803,3.888176918029785,1.7507753,7.1578736
331,3.45737886428833,0.918377,6.965386,3.8803396224975586,1.7017077,7.7281055
332,3.36578369140625,1.3373458,7.118203,3.895503044128418,1.7580745,7.198613
333,3.45773983001709,0.9373575,6.970801,3.88028883934021,1.7042555,7.7625747
334,3.393625259399414,1.2141113,7.2560153,3.904068946838379,1.7461245,7.30988
335,3.4566798210144043,1.0098262,7.131907,3.8356730937957764,1.703148,7.8048387
336,3.4530391693115234,1.087914,7.5758996,3.872448444366455,1.7314823,7.6956086
337,3.434704303741455,1.1691396,7.3762455,3.871692419052124,1.7226753,8.010495
338,3.4498789310455322,1.1110528,7.569243,3.912766695022583,1.7330129,8.064481
339,3.4404377937316895,1.2351072,7.1437964,3.9777283668518066,1.7364132,8.125143
340,3.3933961391448975,1.2566563,7.119236,3.923799514770508,1.6979631,7.6670904
341,3.4558982849121094,1.2174327,6.7711496,3.8799638748168945,1.7135968,7.9695935
342,3.4712131023406982,1.1847582,7.1268315,3.9571897983551025,1.7215663,8.06281
343,3.4064507484436035,1.2265353,6.6103697,3.970905303955078,1.7133226,8.185781
344,3.4005026817321777,1.185255,6.7981825,3.9581944942474365,1.7183809,8.2117605
345,3.4091742038726807,1.229301,6.7949204,3.9520914554595947,1.7079693,8.05932
346,3.3899917602539062,1.21655,6.358043,3.99631929397583,1.7293034,8.049511
347,3.3929028511047363,1.2045056,6.0543647,4.058568477630615,1.7350961,8.023787
348,3.384584426879883,1.1324695,6.0930433,4.062917709350586,1.752935,7.9934573
349,3.3761234283447266,1.1507946,6.273268,4.068656921386719,1.7465016,8.263905
350,3.375800609588623,0.982344,6.2842827,4.077553749084473,1.7781636,8.203628
351,3.362863302230835,0.8830944,6.0118284,4.093021392822266,1.7755332,8.254138
352,3.4082260131835938,0.898796,6.3434424,4.218777179718018,1.8447629,8.4331455
353,3.3990259170532227,0.91675645,6.229868,4.250716209411621,1.775451,8.740693
354,3.458338737487793,1.0395564,6.215747,4.255163192749023,1.9692445,8.927308
355,3.543354034423828,1.1918936,6.4491754,4.2845845222473145,2.0009515,8.784351
356,3.473748207092285,1.0619098,6.736304,4.222275733947754,2.1100314,8.655006
357,3.4977965354919434,1.3014306,6.518318,4.078878879547119,1.7567419,8.385993
358,3.4805586338043213,1.2868414,6.679358,4.221644878387451,1.7167838,8.501621
359,3.464413642883301,1.2959793,6.075776,3.9936165809631348,1.8892194,8.88243
360,3.385737895965576,0.99891305,6.328536,4.083640098571777,1.7139523,8.756812
361,3.4364523887634277,1.285952,5.981956,4.2627153396606445,1.6959898,8.999835
362,3.489410400390625,1.5046848,6.7539806,4.096741676330566,1.7036644,8.602074
363,3.356165647506714,1.1111923,6.352438,4.411747455596924,1.7154379,9.174255
364,3.331005334854126,1.194805,6.381208,4.299615859985352,1.6761713,8.998052
365,3.291651725769043,1.0922911,6.6162615,4.29754638671875,1.6816236,8.833222
366,3.284799575805664,1.0984707,6.587291,4.325460433959961,1.683157,8.603861
367,3.2899837493896484,1.024336,6.496228,4.316224098205566,1.7214073,8.637439
368,3.2495603561401367,0.91475266,6.5145597,4.314098834991455,1.7108583,8.624781
369,3.235011100769043,0.8424957,6.5081873,4.305433750152588,1.7217938,8.29293
370,3.2357349395751953,0.8268396,6.5115857,4.194195747375488,1.6998,7.7326865
371,3.2305068969726562,0.81854355,6.56393,4.100965976715088,1.6799768,7.2030015
372,3.2137598991394043,0.7428341,6.553159,4.0803303718566895,1.6924527,7.031935
373,3.2180747985839844,0.66006595,6.187537,4.081857681274414,1.6971402,6.9948306
374,3.2327961921691895,0.665165,6.202155,4.045837879180908,1.6931537,6.9438343
375,3.2180469036102295,0.6248878,6.2213717,4.164730072021484,1.6787709,7.2603073
376,3.185790538787842,0.66000277,6.139859,4.037172317504883,1.7120582,7.300129
377,3.2172679901123047,0.6030098,6.1905093,4.154224872589111,1.9374288,8.745301
378,3.3145976066589355,0.63464147,6.3782525,4.029331207275391,1.7599078,6.906652
379,3.2165544033050537,0.6120681,6.253233,4.138731002807617,1.7983444,8.120191
380,3.1911211013793945,0.7120464,6.2244687,4.121377944946289,1.8285097,8.488861
381,3.2237749099731445,0.60386074,6.1960726,4.125777244567871,1.65475,7.296404
382,3.25677227973938,0.6517273,6.2373915,3.9454526901245117,1.6447067,7.3839154
383,3.2862846851348877,0.6820419,7.3718367,4.02877950668335,1.7437443,8.401688
384,3.3307201862335205,0.73941797,6.102157,3.834946632385254,1.7972467,7.0758433
385,3.3721492290496826,1.0654336,6.3319635,4.059156894683838,1.8015364,6.582222
386,3.2292799949645996,0.7717305,6.2626305,4.172550678253174,1.6800544,8.244527
387,3.2545881271362305,0.83433104,7.555571,3.799805164337158,1.7249948,7.428762
388,3.31807017326355,1.1998961,6.2012763,4.290755271911621,1.8505883,7.671475
389,3.2326149940490723,0.9228426,6.320263,4.224532604217529,1.6909777,7.8296556
390,3.1999902725219727,0.81720376,6.1988487,3.8909409046173096,1.7559048,7.085483
391,3.195573329925537,1.1104331,6.5634065,4.124504566192627,1.7510468,7.3941674
392,3.1767578125,0.89908826,5.9541326,4.0172834396362305,1.7477272,6.907331
393,3.150676965713501,0.90769106,5.8351808,4.073867321014404,1.6955469,7.081675
394,3.11454439163208,0.94066244,5.9844666,4.071098327636719,1.7373086,7.0752378
395,3.0816454887390137,0.79595315,6.0271277,4.061308860778809,1.7292788,6.8702726
396,3.0730020999908447,0.78180456,5.864415,4.161375999450684,1.8057775,7.028245
397,3.089344024658203,0.8213741,5.969898,4.0279011726379395,1.7288867,6.4986515
398,3.0303280353546143,0.695563,5.699176,4.157052993774414,1.7853439,6.4013915
399,3.134077548980713,0.8210449,5.8101153,4.042219161987305,1.7147297,5.7781816
400,3.0557942390441895,0.844534,5.819831,3.9263787269592285,1.7154737,6.2596946
401,3.0799083709716797,1.014987,6.0310583,4.172019004821777,1.7410336,6.148887
402,3.053396701812744,1.001931,5.89477,4.033039093017578,1.8494039,6.2454042
403,3.049440860748291,0.85108477,5.95167,4.0363359451293945,1.7642928,6.2934275
404,3.0102500915527344,0.8251626,5.8026004,4.06940221786499,1.8018242,6.516983
405,3.0081894397735596,0.88986284,5.835043,4.128027439117432,1.854922,6.2403765
406,3.0214805603027344,0.84741384,5.988693,4.015108108520508,1.8853952,6.029538
407,2.99155855178833,0.7745343,5.8571925,4.104329586029053,1.8553573,6.079447
408,3.0060958862304688,0.919084,5.880548,4.003818511962891,1.843413,6.0567884
409,2.9882688522338867,0.77521414,5.990367,4.171043395996094,1.8629369,6.0150266
410,3.0066046714782715,0.81583333,6.056133,4.188361167907715,1.8238368,6.215488
411,3.054962158203125,0.7663199,6.5544558,4.252195358276367,1.9797884,7.116772
412,3.086909294128418,0.86166817,6.6160035,4.161688804626465,1.802898,6.3995366
413,3.133878707885742,0.847359,6.1233635,3.937974214553833,1.7480863,6.6300545
414,3.0951361656188965,0.9672101,6.1619873,3.9278810024261475,1.7169713,6.043
415,3.0327792167663574,0.81099564,5.8117332,3.894329071044922,1.7083353,5.7947383
416,3.0317189693450928,0.8243025,6.9352636,3.9917163848876953,1.7746617,5.630857
417,3.062591075897217,0.9938646,6.1371956,3.9746434688568115,1.7837524,5.7494416
418,3.039693593978882,1.0117582,5.967997,3.886688709259033,1.8770349,5.583737
419,3.0619125366210938,1.0054734,5.799241,3.937072277069092,1.8331879,5.54664
420,3.00136661529541,0.9492246,6.3151503,3.8390121459960938,1.7280173,6.242783
421,3.0020065307617188,0.98988163,5.889395,3.9325218200683594,1.8062228,5.5489464
422,3.0718932151794434,0.8698201,6.0421557,3.7150332927703857,1.8331017,5.8625793
423,3.049929141998291,0.8579983,6.2635155,3.6817030906677246,1.7568613,6.3806863
424,3.100215435028076,1.0440181,6.234954,3.6717374324798584,1.8783588,5.949046
425,3.1838576793670654,1.0174307,6.2017236,3.612736225128174,1.8548824,6.5699043
426,3.1007232666015625,1.0918006,6.0158443,3.4933595657348633,1.7664403,6.2353463
427,3.013286590576172,0.9048596,6.2905307,3.5662691593170166,1.7117304,6.43315
428,2.9585700035095215,0.86726266,5.7826357,3.5722289085388184,1.7972082,6.2397
429,2.9608724117279053,0.8175972,5.437624,3.5530409812927246,1.8738725,5.7726173
430,2.9722676277160645,0.8691845,5.416856,3.54826021194458,1.8203702,5.4444647
431,2.974045753479004,0.775895,5.4811707,3.479846477508545,1.8359044,5.3737254
432,2.987381935119629,0.8404415,5.760001,3.513823986053467,1.8096589,5.439652
433,2.9518637657165527,0.7888819,5.566606,3.506087303161621,1.8423264,5.2275205
434,2.9594202041625977,0.7708711,5.5624905,3.564711570739746,1.8520782,5.485939
435,2.959174633026123,0.7857111,5.327138,3.5925114154815674,1.8940306,5.2183304
436,2.9898147583007812,0.8542723,5.486995,3.6182804107666016,1.9181079,5.3284893
437,2.9939591884613037,0.8491016,5.5310984,3.52132511138916,1.8581247,5.1090007
438,3.081531047821045,0.8530378,5.471686,3.5813326835632324,1.8105083,5.041565
439,3.050910472869873,0.86935115,5.5766516,3.5517494678497314,1.768618,4.9653854
440,3.0865230560302734,0.9284278,5.4694085,3.6617188453674316,1.7603436,5.182644
441,3.0059597492218018,0.95379466,5.2796283,3.738302230834961,1.8097085,5.2729173
442,3.0824880599975586,0.99590224,5.365873,3.801265001296997,1.7949147,5.6540694
443,3.0728020668029785,0.9689411,5.3535514,3.8681697845458984,1.7682549,6.3320036
444,3.228480339050293,0.6390406,5.303268,3.81954288482666,1.718964,6.12356
445,3.1486988067626953,1.0341792,5.5422964,3.645540237426758,1.7774549,5.103804
446,3.0829122066497803,0.7991447,5.6108513,3.7341508865356445,1.7499157,5.480598
447,3.009505033493042,0.64311916,5.3904357,3.641270637512207,1.8119142,5.1401405
448,3.0660014152526855,0.7517781,5.455124,3.7906761169433594,1.7446897,5.573511
449,3.1940622329711914,0.71622866,5.573786,3.5975522994995117,1.8414489,5.1701837
450,3.163438558578491,0.8193687,6.621259,3.7360758781433105,1.7204506,5.6098104
451,3.1047604084014893,0.8215136,6.514991,3.6927599906921387,1.691723,5.8099537
452,3.2017710208892822,0.8199852,5.5715322,3.6961617469787598,1.7255278,5.6000624
453,3.0537376403808594,0.9269045,6.282094,3.7993783950805664,1.7092606,6.1348047
454,3.120357036590576,0.99678516,6.1934896,3.7466726303100586,1.7335554,6.0000653
455,3.167733669281006,1.0032454,7.2934422,3.9525418281555176,1.7166351,6.966767
456,3.160309314727783,1.0339884,6.0318775,3.546454668045044,1.7369574,5.313024
457,3.0320401191711426,0.7620909,6.080203,3.684735059738159,1.8554198,6.4148073
458,3.056384563446045,0.7515817,6.1450872,3.68939208984375,1.7409195,6.2979755
459,3.1763315200805664,0.7716125,6.6607556,3.8019771575927734,1.738533,5.819538
460,3.021989107131958,0.85777366,6.113389,3.5529346466064453,1.6775589,5.4554396
461,3.076219081878662,0.84498626,6.5521927,4.005078315734863,1.7112187,6.6254034
462,3.1194396018981934,1.0998946,6.062394,3.5992798805236816,1.7373681,5.624137
463,3.1897616386413574,0.9463526,5.847191,3.611119270324707,1.9321012,6.062369
464,3.0330426692962646,0.6951419,6.319431,3.634833812713623,1.7951338,6.659025
465,3.07696533203125,0.81473905,6.409989,3.6704680919647217,1.7291069,6.194324
466,3.044613838195801,0.65786105,6.332754,4.062493324279785,1.8901671,7.2774167
467,2.9938743114471436,0.85888183,5.4646063,3.6489417552948,1.7682725,5.177257
468,3.001988172531128,1.0051458,6.5929265,3.536496639251709,1.7953699,5.3412066
469,2.974848985671997,1.0008839,5.561621,3.724264144897461,1.6990713,5.4563427
470,2.9954745769500732,0.7492907,5.3706346,3.739567279815674,1.8266197,6.116066
471,2.8804612159729004,0.85366285,5.848262,3.598782539367676,1.7361314,5.7071567
472,2.8918638229370117,0.9415096,5.6170354,3.665923595428467,1.7755525,5.600425
473,2.858903169631958,0.8847283,5.738137,3.558013439178467,1.7546506,5.6160293
474,2.888007164001465,0.7589675,5.380879,3.579071044921875,1.7279987,5.7194705
475,2.964859962463379,0.7566555,5.4995503,3.702558994293213,1.8076563,5.93293
476,2.9822826385498047,0.8139303,5.7966843,3.5203099250793457,1.7592193,5.7963505
477,2.978656530380249,0.8671055,5.878885,3.776796817779541,1.8404515,6.664351
478,3.0556411743164062,0.8025889,5.510606,3.781494140625,1.8902825,5.5258656
479,2.9486546516418457,0.89433026,6.657912,3.680410146713257,1.8888725,5.9365745
480,2.9238500595092773,0.8572627,6.001,3.6610565185546875,1.8656662,6.3487744
481,2.8371334075927734,0.8821162,5.9857755,3.7866525650024414,1.8378987,5.8377514
482,2.855221748352051,0.8963189,5.785021,3.648050308227539,1.7994101,5.7857327
483,2.8461132049560547,0.8102914,6.099629,3.6012566089630127,1.8265815,5.6951566
484,2.8409695625305176,0.749073,6.226448,3.6874186992645264,1.8975039,5.784064
485,2.843515157699585,0.97659856,5.342519,4.14130973815918,1.930549,6.9710965
486,2.803853988647461,0.8272823,5.222639,3.8685779571533203,1.9258008,5.899836
487,2.8354949951171875,1.0360209,5.9166436,4.004026412963867,1.8945733,6.553414
488,2.7901599407196045,0.8770333,5.393891,3.7845630645751953,1.7900988,6.008835
489,2.805210590362549,0.74138445,5.8809104,3.8966143131256104,1.7985061,6.449041
490,2.826894760131836,0.8011831,5.911828,3.936798095703125,1.9023222,6.600412
491,2.834695339202881,1.0236243,5.63237,4.159036636352539,2.0257251,7.181648
492,2.8167853355407715,0.84761894,5.5601373,4.007645606994629,1.9710202,6.3546357
493,2.8195269107818604,0.745182,5.576964,3.9230153560638428,1.9513593,6.309867
494,2.7636587619781494,0.8009147,5.8568954,4.187801361083984,1.9747982,6.849556
495,2.845658302307129,1.0613897,5.4455132,4.341320991516113,1.8796842,7.301124
496,2.767129898071289,0.93234605,5.426003,4.419355869293213,1.94561,6.5954356
497,2.786644220352173,0.856009,6.4989815,4.39382266998291,2.0589576,6.657717
498,2.7706475257873535,0.84144616,6.551665,4.414746284484863,2.0559964,6.7527733
499,2.738480567932129,0.83190066,6.33462,4.478214263916016,1.9994819,6.654753
500,2.735551357269287,0.83678865,5.842436,4.500828742980957,1.9047766,6.7766466
501,2.7930665016174316,0.8528825,6.7356343,4.465343952178955,1.9335597,6.8664083
502,2.792248487472534,0.64200425,5.4575176,4.291955947875977,1.815756,6.8591776
503,2.918252944946289,0.8126371,6.57708,4.335036277770996,2.0308566,6.335719
504,2.7706949710845947,0.7615841,5.392999,4.294713020324707,1.834316,6.7030687
505,2.781202793121338,0.76379395,5.2606764,4.129154205322266,1.8857253,6.5667105
506,2.8149220943450928,0.84932053,5.421146,4.13490629196167,1.9086363,7.068597
507,2.7677841186523438,0.9221479,5.31773,4.364086627960205,1.894022,7.4960265
508,2.672879695892334,0.7840015,5.1977773,4.198177337646484,2.077729,6.610128
509,2.6978087425231934,0.9655178,5.2234583,4.238999366760254,2.0030675,7.1734633
510,2.5995116233825684,0.8201486,5.193189,4.2221269607543945,1.9708803,6.464455
511,2.6389381885528564,0.8212129,5.3723407,4.389713764190674,1.7755601,6.5272484
512,2.6276755332946777,0.8154509,5.3152294,4.315557479858398,1.838801,6.2446575
513,2.5895705223083496,0.8592532,5.309197,4.375489234924316,1.9554546,6.307266
514,2.6192097663879395,0.80849415,5.558094,4.52333927154541,1.8657583,6.7671504
515,2.606308937072754,0.9121372,5.376906,4.4251708984375,2.1485999,6.3412986
516,2.589651107788086,0.72084063,5.1785855,4.372936248779297,1.8165385,6.8389497
517,2.5988552570343018,0.7724419,5.25494,4.3983073234558105,1.9821384,7.209777
518,2.6977615356445312,0.7603069,5.223293,4.316107749938965,1.977311,7.532122
519,2.6981468200683594,0.76461256,4.886768,4.1392927169799805,2.036308,6.763999
520,2.6850485801696777,0.877673,5.0639734,4.248753070831299,2.0853283,7.2227283
521,2.6919150352478027,0.8661389,5.21429,4.1046576499938965,2.2159076,6.814714
522,2.617074489593506,0.7806386,5.4052925,4.341156005859375,2.097559,7.3468986
523,2.703497886657715,0.8388137,5.891934,4.221376419067383,2.203731,7.911042
524,2.70063853263855,0.8972224,5.5053663,4.330427169799805,1.9471272,7.4496927
525,2.6298394203186035,0.87522614,5.2597256,4.467182159423828,1.9297686,6.8793864
526,2.6741557121276855,0.82392013,5.254325,4.435419082641602,2.0697587,7.275156
527,2.6659975051879883,0.7886737,5.2339253,4.429321765899658,2.4061306,7.0234847
528,2.690678119659424,0.7318108,5.261984,4.360840797424316,2.1206622,7.623789
529,2.6625866889953613,0.5911398,5.1000996,4.223447799682617,2.2750082,7.391742
530,2.667696475982666,0.581087,5.2041783,4.193480491638184,2.375513,7.4766884
531,2.6900475025177,0.7611831,5.628654,4.446216106414795,2.1658733,7.6500998
532,2.5813512802124023,0.7733792,5.683315,4.485446453094482,2.2558026,7.905337
533,2.543458938598633,0.77430606,5.1603494,4.5674662590026855,2.1661587,7.302775
534,2.669689893722534,0.80303663,5.1600013,4.424217224121094,2.3121147,8.066402
535,2.567964553833008,0.7622809,5.3600574,4.44116735458374,2.318887,7.186381
536,2.6301846504211426,0.8034759,4.9601264,4.359154224395752,2.3119392,7.502496
537,2.5348992347717285,0.6385681,5.0749254,4.361591339111328,2.3454003,7.1163135
538,2.55991268157959,0.75058776,4.9562917,4.295921325683594,2.399516,7.2641277
539,2.532287836074829,0.72796774,5.2071733,4.397184371948242,2.3270347,7.2447543
540,2.5618672370910645,0.7903189,5.351708,4.5634894371032715,2.4145403,7.8021207
541,2.581833839416504,0.73973703,6.03223,4.50248908996582,2.629929,8.001286
542,2.710679531097412,0.7839349,5.5380945,4.468669414520264,2.8621285,7.9043856
543,2.6650443077087402,0.9300355,6.57841,4.5383148193359375,2.7814965,7.056089
544,2.6852853298187256,0.737657,5.7495728,4.135697364807129,2.4654782,7.059229
545,2.614908218383789,0.78361934,5.0823445,4.037398338317871,2.4941714,6.661606
546,2.657224178314209,0.5399623,5.00081,4.2318339347839355,2.7424462,7.4711814
547,2.556513786315918,0.56827563,5.1379137,4.334561347961426,2.5346844,6.9623833
548,2.6715316772460938,0.58578813,5.253215,4.288496017456055,2.721368,7.1256266
549,2.5761499404907227,0.75649726,5.207035,4.456455230712891,2.4634569,7.079427
550,2.5808768272399902,0.7830989,5.6893015,4.19671106338501,2.506654,6.8285055
551,2.570735454559326,0.86637425,5.361418,4.5506591796875,2.2710006,6.967224
552,2.5142483711242676,0.92205083,5.675761,4.524479866027832,2.1753254,7.340793
553,2.5171666145324707,0.9486992,5.268945,4.6498212814331055,2.4473813,7.6791606
554,2.526651382446289,0.9079212,5.6377683,4.610393524169922,2.2961357,7.6809726
555,2.465216636657715,0.92778796,5.4347763,4.705470561981201,2.2620847,8.038565
556,2.5485424995422363,0.9499241,5.2725825,4.634789943695068,2.229065,8.289062
557,2.4300503730773926,0.90658045,5.1096296,4.651907920837402,2.3953316,8.21769
558,2.475006580352783,0.95689857,4.837242,4.844325542449951,2.5559359,8.283825
559,2.469947338104248,0.85212445,4.770223,4.878556251525879,2.5021524,8.266183
560,2.4909849166870117,0.8815021,4.9046836,4.7603583335876465,2.5015786,7.867217
561,2.4907851219177246,0.9571224,4.821251,4.604771614074707,2.778123,8.063043
562,2.530200481414795,0.8518295,5.5230017,4.576665878295898,2.8257675,8.369453
563,2.427037477493286,0.8310256,5.342348,4.757878303527832,2.6700895,8.550093
564,2.3929250240325928,0.7746414,4.8213916,4.934657096862793,2.8045096,8.677839
565,2.427730083465576,0.80570215,4.8772964,4.8126020431518555,2.7200623,9.178657
566,2.5372164249420166,0.83775747,5.259868,4.68601131439209,2.3794444,9.021338
567,2.5217127799987793,0.8688095,5.663137,4.467413425445557,2.1810522,8.649044
568,2.5718307495117188,0.991637,5.1417108,4.51923942565918,2.2929895,8.946535
569,2.469374179840088,0.7577253,4.962201,4.615852355957031,2.1491005,8.821698
570,2.503129720687866,0.8298578,4.720145,4.491058826446533,1.9772754,9.353407
571,2.494431495666504,1.0125614,5.367518,4.604222297668457,2.3669147,9.096045
572,2.523383855819702,0.68500894,5.1592503,4.501240253448486,2.205184,8.751235
573,2.532536506652832,0.70662916,5.5528183,4.486783027648926,2.0321522,8.634504
574,2.5226356983184814,0.78984135,5.83606,4.535378456115723,2.3498926,8.953391
575,2.5061192512512207,0.979772,5.3195887,4.71619987487793,2.226899,9.182361
576,2.4706249237060547,0.9023065,5.0470057,4.697065353393555,2.043564,9.526078
577,2.5191943645477295,0.9170529,5.1391816,4.702090263366699,2.0915723,9.159739
578,2.5398597717285156,0.82123315,5.09842,4.710010051727295,1.9286132,9.3309765
579,2.436105728149414,0.84074265,4.835684,4.510272979736328,2.001957,8.623752
580,2.417664051055908,0.81148636,4.6024175,4.538686752319336,2.2918282,8.40872
581,2.4039719104766846,0.8532842,4.507142,4.62945032119751,1.8447452,8.724626
582,2.451923370361328,0.80941117,4.901045,4.660160541534424,2.105096,9.323921
583,2.4007208347320557,0.83752143,4.7459483,4.3894548416137695,1.9677004,8.086396
584,2.4285836219787598,0.8507499,5.015902,4.584065914154053,2.306445,8.878178
585,2.482940673828125,0.7209625,4.9366355,4.648684501647949,2.1474411,9.665202
586,2.399549722671509,0.77530754,4.8034086,4.476795673370361,2.308139,8.925938
587,2.4110095500946045,0.70662665,4.8756595,4.4828877449035645,2.3692758,9.079225
588,2.4624059200286865,0.8050866,5.0198264,4.409433364868164,2.5135627,9.0258465
589,2.3405838012695312,0.8143381,5.6831293,4.498527526855469,2.4690237,9.0473
590,2.323885917663574,0.793354,5.289432,4.4608025550842285,2.50053,8.778386
591,2.422985315322876,0.8292166,4.996321,4.5400776863098145,2.647357,9.064647
592,2.374898910522461,0.90870947,4.987195,4.458503723144531,2.8107162,9.077669
593,2.5240511894226074,0.86222583,5.7166758,4.5113067626953125,2.1676416,7.532977
594,2.4314966201782227,0.8061613,4.6863513,4.634154319763184,2.5648177,8.892803
595,2.427051544189453,0.7650807,4.9137645,4.529692649841309,2.167473,9.806389
596,2.459972858428955,0.81263703,5.0343504,4.460707664489746,2.1740959,9.794131
597,2.3171112537384033,0.73468447,5.4868093,4.49862003326416,2.3536701,8.930138
598,2.3089704513549805,0.67752445,5.7309713,4.783367156982422,2.5137856,9.115297
599,2.3463315963745117,0.7372179,4.566201,4.430533409118652,2.1452878,9.55877
600,2.286877155303955,0.6981329,5.25382,4.762284278869629,2.49254,8.880891
601,2.2658498287200928,0.70088863,4.753124,4.780933380126953,2.475685,9.324695
602,2.190700054168701,0.6902253,5.298977,4.666513442993164,2.1968071,8.755518
603,2.2321741580963135,0.7197753,4.9239697,4.81533145904541,2.5470088,9.361378
604,2.2976698875427246,0.9319242,4.665124,4.969182014465332,2.826695,9.419688
605,2.328563690185547,0.74217206,5.085004,4.872848987579346,2.3173754,10.249227
606,2.336519241333008,0.7279865,4.899429,5.004491806030273,2.6207552,11.140896
607,2.357795476913452,0.7511519,4.7907715,4.791459083557129,2.0182846,10.597532
608,2.373466968536377,0.7038325,4.9357834,4.726945877075195,2.5905585,10.244418
609,2.3915820121765137,0.77273333,4.9074874,4.538197994232178,2.536005,9.86793
610,2.2985363006591797,0.5846018,5.303892,4.901169776916504,2.570235,10.460131
611,2.2428481578826904,0.7383421,4.356406,4.685459136962891,2.792444,9.090697
612,2.1949644088745117,0.6908012,4.3385024,4.397006511688232,2.291554,8.878173
613,2.1887261867523193,0.70305777,4.4890046,4.741409778594971,2.4541323,10.256715
614,2.162118434906006,0.70043147,4.474161,4.739593505859375,2.2501621,9.688724
615,2.135916233062744,0.69946164,4.216786,4.856222152709961,2.5186553,9.932966
616,2.2015938758850098,0.6479547,5.10679,4.762528419494629,2.6163826,9.412683
617,2.1557388305664062,0.6853921,4.979228,4.978198051452637,2.4635794,9.910606
618,2.2146213054656982,0.6799612,4.52843,4.869906425476074,2.3242588,10.908408
619,2.223897695541382,0.77729744,4.5674715,4.868839263916016,2.7237144,10.125049
620,2.220491886138916,0.70171183,5.200127,4.869592666625977,2.3786833,10.235537
621,2.1396236419677734,0.7911944,4.3907485,4.915102481842041,2.4129324,10.541668
622,2.155670404434204,0.680542,4.4231143,4.831594467163086,2.094463,10.851658
623,2.124022960662842,0.63882565,4.8458786,5.0458269119262695,2.5128777,10.71083
624,2.1597676277160645,0.6485285,5.0252194,4.841429710388184,2.4192555,9.07054
625,2.1731619834899902,0.76164126,4.710769,4.842638969421387,2.6114333,9.02473
626,2.394463539123535,0.7493877,4.764751,4.758697509765625,2.7741804,8.564493
627,2.3116261959075928,0.7060369,4.6683416,4.681580543518066,2.0974438,9.174961
628,2.238227367401123,0.71274495,4.450681,4.718994140625,2.0296776,9.462071
629,2.145256519317627,0.6895555,4.207596,4.731996059417725,2.4046736,9.780538
630,2.1004321575164795,0.6243568,4.758111,4.475257396697998,1.9943492,9.320241
631,2.2132816314697266,0.9055828,4.5022817,4.685513496398926,2.3820078,9.5922365
632,2.327258586883545,0.72176903,5.20324,4.61244535446167,2.0634701,8.759053
633,2.344356060028076,0.8210623,4.570941,4.7622199058532715,2.1526856,9.667155
634,2.3376317024230957,0.5793784,5.744336,4.646892547607422,2.2172947,11.043975
635,2.288691520690918,0.9007267,4.527388,4.771414756774902,2.6458611,9.351125
636,2.1774685382843018,0.8075604,4.5427666,4.715553283691406,2.5058439,9.906872
637,2.1548218727111816,0.8232764,4.291971,4.533289432525635,2.09344,9.308763
638,2.096824884414673,0.7329882,4.3353796,4.668000221252441,2.0045187,10.077474
639,2.074873685836792,0.7629165,4.618722,4.868959903717041,1.951176,9.756014
640,2.07857608795166,0.66812724,5.148547,5.152379035949707,2.5755303,10.734423
641,2.0316977500915527,0.72463685,4.3534174,4.908336639404297,2.5440729,10.681685
642,2.0265731811523438,0.71052307,4.6301517,4.815500259399414,2.3528056,9.774104
643,1.9927582740783691,0.6794308,4.4665327,5.089739799499512,2.7321513,10.988474
644,2.0860884189605713,0.7897655,4.549431,4.968116760253906,2.659275,9.724852
645,2.1164069175720215,0.8384701,4.321562,4.692420959472656,2.788525,9.475572
646,2.0612053871154785,0.72003865,4.080197,4.776994705200195,2.387344,10.32066
647,2.066267251968384,0.7279562,4.415486,4.719048023223877,2.6408405,9.925156
648,1.9520995616912842,0.7217703,4.1782947,4.910000801086426,2.8360293,10.376213
649,1.977777123451233,0.68867636,5.2409945,4.893784523010254,2.6638577,10.228929
650,2.0137104988098145,0.74056154,4.7318897,4.894814968109131,2.9565063,9.5116625
651,2.058551788330078,0.7418089,4.763109,4.759017467498779,2.573301,9.663966
652,2.1537702083587646,0.79871285,4.6305356,4.57782506942749,1.7031057,9.766106
653,2.1791625022888184,0.66267407,4.187212,4.815715789794922,2.189502,10.576422
654,2.1994643211364746,0.6483003,4.403551,4.740073204040527,1.900373,9.259969
655,2.223601818084717,0.7279606,5.266699,5.375865936279297,3.0907025,10.055717
656,2.4056615829467773,0.8727409,4.8318553,4.600507736206055,2.03587,8.699938
657,2.408259153366089,0.8276001,4.905271,4.735818862915039,2.3605108,9.549027
658,2.09110689163208,0.7214699,4.115636,4.714987277984619,2.0260506,9.763594
659,2.050168514251709,0.64566755,4.658321,4.627087593078613,2.159726,9.725272
660,2.014669418334961,0.7126311,5.0795636,4.816194534301758,2.270433,10.176676
661,2.0223867893218994,0.6824127,4.409962,4.815443515777588,2.6701386,9.640587
662,2.0174951553344727,0.7376768,4.805009,4.839669704437256,2.3615456,9.509171
663,2.0191144943237305,0.7054161,4.2244697,4.7886128425598145,1.9069437,9.253824
664,2.13472580909729,0.77674705,4.524956,4.765395164489746,1.8609163,8.172076
665,2.134655237197876,0.7076328,4.5449996,4.831160545349121,2.436719,7.695476
666,2.043382167816162,0.649864,4.383519,4.45790433883667,2.345158,7.065549
667,2.0930631160736084,0.63891727,5.338731,4.476086616516113,2.2628756,8.279962
668,1.994006633758545,0.6342514,4.404908,4.993584632873535,2.7768922,9.3165865
669,2.0846822261810303,0.7336485,5.2464714,4.624696731567383,2.402882,8.771168
670,2.0283586978912354,0.70199955,4.664269,4.521181106567383,2.5431106,8.347296
671,2.1484460830688477,0.6756083,4.484885,4.80454158782959,2.8178866,7.5979877
672,2.156439781188965,0.78423756,4.777539,4.634081840515137,2.5252392,7.156177
673,2.073509693145752,0.6566468,4.544624,4.895262241363525,2.5819836,8.877276
674,2.014248847961426,0.62741363,5.2434025,4.905031204223633,2.8312273,9.97797
675,1.9306371212005615,0.6635757,4.2667813,5.1485137939453125,2.7776353,10.415008
676,1.971740961074829,0.71335566,4.3749523,4.907446384429932,2.2694461,10.177143
677,2.0402774810791016,0.6949282,4.604212,5.183724403381348,2.747515,10.886008
678,1.9168518781661987,0.6542034,4.5005417,5.104416847229004,2.911452,11.745112
679,1.9772038459777832,0.699303,4.431547,5.292392253875732,3.0846546,11.554296
680,1.9816795587539673,0.6658896,4.59326,4.845500469207764,2.102172,10.862209
681,2.075716495513916,0.7003569,4.3029213,5.494614601135254,3.326769,11.666371
682,2.006629228591919,0.7339266,4.377192,5.538936614990234,3.2824893,11.923868
683,1.9402031898498535,0.74402773,5.054995,5.448651313781738,2.9832914,11.548953
684,1.9443767070770264,0.7360202,4.712283,5.295681476593018,2.8909073,11.170028
685,2.0400309562683105,0.69301116,4.8659267,5.7070393562316895,3.1393447,11.433943
686,2.07914662361145,0.73148316,5.9894695,5.493790149688721,3.2195218,11.114148
687,2.0014595985412598,0.6611341,5.2356277,5.365540504455566,3.3527372,11.341941
688,1.948782205581665,0.7270374,4.566429,5.383111953735352,3.0499518,10.756479
689,1.9351983070373535,0.7295358,4.3148108,5.529819488525391,3.5593252,11.395457
690,1.9275343418121338,0.687577,4.2616353,5.499887466430664,3.1104789,11.99906
691,1.9454903602600098,0.7241794,4.559686,5.716828346252441,3.6085966,11.935361
692,1.997382640838623,0.80143464,4.611205,5.373342037200928,3.1133626,10.498037
693,1.978273630142212,0.6776611,5.504322,5.671075344085693,3.4157896,10.856784
694,1.9828031063079834,0.75082785,4.390386,5.3596038818359375,2.8067474,10.576264
695,2.1384739875793457,0.74765587,5.045554,4.259164810180664,2.379185,6.7141075
696,2.4514715671539307,0.6588175,5.0079913,4.465486526489258,1.8648696,7.9720526
697,2.035479784011841,0.66832745,4.49206,4.996272087097168,2.9138093,11.0987425
698,1.836570143699646,0.72712696,4.0926747,4.871208190917969,2.5754952,8.765291
699,1.8312194347381592,0.64134634,4.0168095,4.904804229736328,2.4830728,9.74606
700,1.8750826120376587,0.5856007,4.2741404,4.944876670837402,2.6481464,9.127991
701,1.8737738132476807,0.67912626,4.3021994,5.371425628662109,2.8873496,10.275661
702,1.9540218114852905,0.61296797,5.3522615,4.627408027648926,2.0226765,7.855091
703,2.084991931915283,0.7244407,4.917649,4.33498477935791,1.9149308,7.886902
704,1.9176626205444336,0.61242807,4.266886,4.953385353088379,2.8609955,9.717797
705,1.8565009832382202,0.6459585,4.0958076,5.073110103607178,2.7828372,10.704034
706,2.1370294094085693,0.6337067,4.830218,4.504734516143799,2.3761954,8.851648
707,2.004664182662964,0.6562017,4.6720076,4.858833312988281,2.5430875,10.4799185
708,2.0510411262512207,0.527254,4.175689,4.866040229797363,2.803296,11.033749
709,2.0453145503997803,0.63880956,4.581704,5.042265892028809,2.9061987,10.608781
710,1.954187273979187,0.6511876,6.157368,5.1571526527404785,2.927432,10.733756
711,1.8835358619689941,0.6011226,4.544377,5.099587440490723,2.9519916,9.600804
712,1.8357353210449219,0.5737214,4.0532207,5.2787065505981445,2.9388435,9.988785
713,1.842299222946167,0.5587585,4.371077,5.272236347198486,3.1195178,10.594748
714,1.7667335271835327,0.5983161,4.321837,5.186272621154785,3.0739267,9.356785
715,1.7578611373901367,0.5841368,4.058779,5.461172103881836,2.8681824,10.5648775
716,1.7775143384933472,0.52962255,4.3814344,5.066336154937744,2.5118105,9.652281
717,1.83245849609375,0.505503,4.68099,5.337258338928223,2.7474523,10.975461
718,1.8517035245895386,0.59320366,4.482788,5.056020736694336,2.5948172,9.99025
719,1.9536287784576416,0.6762768,5.783908,5.18570613861084,2.5521908,11.373583
720,1.881922960281372,0.5891502,4.0107846,4.823601722717285,2.8900678,9.151522
721,2.027114152908325,0.5432681,4.947497,4.984850883483887,3.223135,8.556488
722,2.223144054412842,0.61935806,6.210173,4.43731689453125,2.3384032,7.905233
723,2.1162426471710205,0.6598077,4.761646,4.383833885192871,2.2130213,6.4717574
724,2.2786288261413574,0.8551009,5.3339376,4.652149677276611,2.3771904,8.135756
725,2.341886520385742,0.57168406,4.8506155,4.538047790527344,2.038975,7.8958116
726,2.031322717666626,0.7007948,4.514898,4.611629962921143,2.407427,7.739675
727,2.036837100982666,0.59669095,5.516793,4.658487796783447,2.4561954,8.668576
728,2.0323305130004883,0.7096025,4.030827,4.419888019561768,2.248704,8.69922
729,2.2022838592529297,0.59722155,4.5826764,4.866309642791748,2.608253,10.837516
730,2.177945852279663,0.6268183,4.3078446,4.678699493408203,2.2434745,9.565114
731,2.1600592136383057,0.77184665,4.9335485,4.460574150085449,2.68616,9.035117
732,1.980191946029663,0.82954377,5.1963477,4.613821983337402,2.6885948,8.94632
733,2.0334224700927734,0.60892045,4.1488557,4.8273444175720215,2.609246,9.662095
734,1.933823585510254,0.5622417,4.285609,4.968815803527832,2.6688738,9.440184
735,1.9685935974121094,0.6336264,3.995568,5.257153511047363,3.0539956,9.700572
736,2.0473480224609375,0.8779418,6.6757545,5.0905890464782715,2.6990242,10.164582
737,1.985692024230957,0.75413144,4.500399,5.574530601501465,3.735736,11.044369
738,2.1006217002868652,0.71899176,6.3908534,5.442707061767578,3.1254752,10.9938135
739,1.910032868385315,0.64100444,4.0064616,5.454968452453613,3.6151087,10.786865
740,1.997302532196045,0.7765609,5.0023484,5.695246696472168,3.7793288,9.598291
741,1.9459917545318604,0.60038286,4.607889,5.493147850036621,3.2813222,11.437865
742,1.877211570739746,0.6089073,3.850655,5.532346725463867,3.495893,10.415925
743,2.022697925567627,0.7283458,5.430486,5.462101936340332,3.1358469,11.31095
744,1.9979689121246338,0.765035,4.5306277,5.390846252441406,3.2869332,9.58625
745,1.985255241394043,0.6733618,5.362513,5.8947601318359375,3.452729,10.453221
746,1.9681209325790405,0.80126506,4.2959213,5.336002349853516,3.595756,11.083723
747,2.0130484104156494,0.7533933,4.0025806,5.284494400024414,2.5142565,10.956332
748,1.973087191581726,0.70231783,4.320912,5.262834072113037,3.2143176,10.93935
749,1.9747543334960938,0.7375907,3.9857092,5.467405796051025,3.599034,8.588209
